cod;nome;per√≠odo;homicidios-mulheres;homicidios-de-jovens-mulheres;homicidios-de-jovens;homicidios-nao-negros;homicidios-homens-negros;homicidios-de-mulheres-por-armas-de-fogo;homicidios-de-homens-por-armas-de-fogo;homicidios-de-jovens-homens;homicidios-homens;homicidios-mulheres-negras;homicidios-homens-nao-negros;homicidios-por-armas-de-fogo;homicidio-de-jovens-por-armas-de-fogo;homicidios;homicidios-mulheres-nao-negras;homicidios-negros
17;TO;1989;14.0;7;22.0;;;6.0;30.0;15;49.0;;;36;13.0;63.0;;
53;DF;1989;23.0;8;185.0;;;5.0;177.0;177;308.0;;;182;116.0;331.0;;
52;GO;1989;91.0;41;344.0;;;44.0;426.0;302;717.0;;;471;223.0;810.0;;
51;MT;1989;31.0;15;180.0;;;8.0;199.0;165;440.0;;;207;82.0;471.0;;
50;MS;1989;39.0;21;168.0;;;20.0;175.0;147;330.0;;;197;95.0;371.0;;
43;RS;1989;142.0;62;806.0;;;41.0;755.0;744;1419.0;;;796;447.0;1561.0;;
42;SC;1989;39.0;15;168.0;;;15.0;142.0;153;315.0;;;157;82.0;354.0;;
41;PR;1989;105.0;45;501.0;;;39.0;457.0;455;1004.0;;;498;255.0;1112.0;;
35;SP;1989;671.0;336;5522.0;;;154.0;2668.0;5186;8508.0;;;2822;1821.0;9179.0;;
33;RJ;1989;304.0;140;2310.0;;;167.0;2772.0;2170;3980.0;;;2942;1722.0;4290.0;;
32;ES;1989;75.0;29;349.0;;;29.0;361.0;320;763.0;;;395;180.0;845.0;;
31;MG;1989;168.0;67;546.0;;;47.0;384.0;479;1047.0;;;432;223.0;1216.0;;
29;BA;1989;80.0;46;574.0;;;23.0;562.0;527;1000.0;;;591;327.0;1086.0;;
28;SE;1989;15.0;5;64.0;;;5.0;66.0;59;124.0;;;71;3946.0;139.0;;
27;AL;1989;66.0;29;339.0;;;21.0;310.0;310;739.0;;;331;143.0;805.0;;
26;PE;1989;173.0;90;1326.0;;;91.0;1607.0;1235;2379.0;;;1698;943.0;2553.0;;
25;PB;1989;52.0;24;193.0;;;21.0;201.0;169;409.0;;;222;102.0;461.0;;
24;RN;1989;14.0;5;113.0;;;3.0;121.0;108;222.0;;;124;69.0;236.0;;
23;CE;1989;47.0;13;299.0;;;13.0;203.0;286;560.0;;;216;121.0;607.0;;
22;PI;1989;17.0;8;68.0;;;7.0;53.0;60;125.0;;;60;30.0;142.0;;
21;MA;1989;28.0;13;174.0;;;10.0;166.0;160;382.0;;;176;82.0;411.0;;
11;RO;1989;47.0;27;188.0;;;25.0;260.0;161;443.0;;;285;114.0;490.0;;
12;AC;1989;6.0;4;56.0;;;3.0;45.0;52;89.0;;;48;28.0;95.0;;
13;AM;1989;31.0;20;161.0;;;9.0;136.0;141;289.0;;;146;82.0;321.0;;
14;RR;1989;12.0;8;61.0;;;0.0;1.0;53;100.0;;;1;1.0;113.0;;
15;PA;1989;51.0;27;303.0;;;28.0;328.0;276;615.0;;;356;165.0;666.0;;
16;AP;1989;3.0;2;29.0;;;1.0;19.0;27;36.0;;;20;13.0;39.0;;
26;PE;1990;219.0;101;1377.0;;;111.0;1616.0;1275;2522.0;;;1728;955.0;2742.0;;
11;RO;1990;37.0;21;223.0;;;14.0;278.0;202;517.0;;;293;130.0;555.0;;
12;AC;1990;6.0;4;33.0;;;4.0;29.0;29;58.0;;;33;18.0;64.0;;
13;AM;1990;31.0;14;207.0;;;14.0;184.0;193;332.0;;;201;119.0;367.0;;
14;RR;1990;20.0;11;63.0;;;1.0;8.0;52;107.0;;;9;3.0;127.0;;
15;PA;1990;78.0;39;376.0;;;35.0;424.0;337;669.0;;;459;242.0;748.0;;
16;AP;1990;5.0;3;22.0;;;2.0;14.0;18;40.0;;;17;11.0;46.0;;
17;TO;1990;7.0;3;22.0;;;4.0;21.0;19;47.0;;;25;10.0;54.0;;
21;MA;1990;32.0;17;199.0;;;14.0;180.0;182;410.0;;;194;86.0;442.0;;
22;PI;1990;5.0;2;52.0;;;1.0;32.0;50;104.0;;;33;16.0;109.0;;
23;CE;1990;45.0;23;253.0;;;23.0;219.0;230;510.0;;;242;126.0;555.0;;
24;RN;1990;20.0;7;92.0;;;9.0;108.0;85;180.0;;;117;58.0;200.0;;
25;PB;1990;41.0;13;185.0;;;18.0;206.0;172;399.0;;;224;95.0;440.0;;
27;AL;1990;55.0;20;284.0;;;12.0;261.0;263;663.0;;;273;116.0;719.0;;
28;SE;1990;13.0;8;88.0;;;6.0;69.0;80;138.0;;;75;5488.0;151.0;;
29;BA;1990;77.0;30;437.0;;;31.0;486.0;406;782.0;;;523;289.0;867.0;;
31;MG;1990;148.0;63;520.0;;;50.0;444.0;457;1029.0;;;494;240.0;1178.0;;
32;ES;1990;88.0;40;384.0;;;37.0;382.0;344;791.0;;;419;215.0;881.0;;
33;RJ;1990;477.0;215;3833.0;;;312.0;5236.0;3616;6614.0;;;5557;3172.0;7101.0;;
35;SP;1990;679.0;340;5640.0;;;185.0;2784.0;5300;8824.0;;;2969;1861.0;9503.0;;
41;PR;1990;125.0;54;537.0;;;50.0;488.0;483;1041.0;;;538;279.0;1167.0;;
42;SC;1990;46.0;18;158.0;;;17.0;150.0;140;341.0;;;167;77.0;388.0;;
43;RS;1990;157.0;60;886.0;;;81.0;917.0;826;1547.0;;;998;551.0;1704.0;;
50;MS;1990;40.0;19;156.0;;;16.0;146.0;137;306.0;;;162;72.0;348.0;;
51;MT;1990;39.0;16;155.0;;;16.0;164.0;139;376.0;;;180;66.0;415.0;;
52;GO;1990;58.0;32;309.0;;;29.0;349.0;277;620.0;;;380;180.0;681.0;;
53;DF;1990;40.0;17;251.0;;;19.0;259.0;234;423.0;;;278;159.0;463.0;;
15;PA;1991;72.0;36;380.0;;;42.0;448.0;344;737.0;;;491;232.0;810.0;;
21;MA;1991;54.0;27;227.0;;;21.0;182.0;200;416.0;;;203;118.0;470.0;;
22;PI;1991;11.0;6;43.0;;;3.0;28.0;37;92.0;;;31;15.0;103.0;;
23;CE;1991;53.0;22;303.0;;;15.0;227.0;281;554.0;;;242;139.0;607.0;;
24;RN;1991;17.0;9;119.0;;;6.0;103.0;110;202.0;;;109;65.0;219.0;;
25;PB;1991;40.0;13;183.0;;;22.0;158.0;170;361.0;;;180;79.0;401.0;;
26;PE;1991;232.0;100;1426.0;;;125.0;1878.0;1325;2706.0;;;2008;1046.0;2944.0;;
27;AL;1991;67.0;19;239.0;;;18.0;234.0;219;590.0;;;257;99.0;665.0;;
28;SE;1991;21.0;13;131.0;;;8.0;168.0;118;287.0;;;179;4677.0;317.0;;
29;BA;1991;64.0;29;266.0;;;20.0;245.0;236;528.0;;;266;128.0;596.0;;
31;MG;1991;159.0;60;541.0;;;43.0;472.0;480;1071.0;;;516;269.0;1232.0;;
32;ES;1991;95.0;36;413.0;;;32.0;440.0;377;872.0;;;473;229.0;968.0;;
33;RJ;1991;370.0;154;2640.0;;;235.0;3736.0;2484;4672.0;;;3979;2207.0;5055.0;;
35;SP;1991;789.0;374;5601.0;;;226.0;2912.0;5227;8896.0;;;3138;1972.0;9685.0;;
41;PR;1991;149.0;60;519.0;;;52.0;510.0;459;1073.0;;;562;266.0;1225.0;;
42;SC;1991;38.0;16;147.0;;;17.0;148.0;131;317.0;;;165;82.0;355.0;;
43;RS;1991;156.0;68;823.0;;;86.0;1031.0;755;1538.0;;;1117;573.0;1694.0;;
50;MS;1991;47.0;24;167.0;;;24.0;191.0;142;338.0;;;218;106.0;388.0;;
51;MT;1991;49.0;26;172.0;;;26.0;201.0;146;403.0;;;227;98.0;452.0;;
52;GO;1991;110.0;51;397.0;;;44.0;396.0;346;741.0;;;440;222.0;852.0;;
53;DF;1991;52.0;21;293.0;;;23.0;291.0;272;437.0;;;314;209.0;489.0;;
16;AP;1991;5.0;2;30.0;;;2.0;17.0;28;49.0;;;19;9.0;54.0;;
11;RO;1991;33.0;11;196.0;;;17.0;247.0;184;455.0;;;265;108.0;491.0;;
12;AC;1991;9.0;6;59.0;;;7.0;56.0;53;97.0;;;63;38.0;106.0;;
13;AM;1991;18.0;10;241.0;;;11.0;222.0;231;384.0;;;233;141.0;403.0;;
14;RR;1991;9.0;5;33.0;;;3.0;15.0;28;70.0;;;18;9.0;79.0;;
17;TO;1991;9.0;3;33.0;;;3.0;43.0;30;83.0;;;46;17.0;92.0;;
35;SP;1992;644.0;283;5285.0;;;161.0;2794.0;5002;8472.0;;;2955;1841.0;9116.0;;
11;RO;1992;35.0;19;140.0;;;14.0;215.0;121;360.0;;;229;89.0;395.0;;
12;AC;1992;13.0;10;61.0;;;7.0;46.0;51;94.0;;;53;34.0;107.0;;
13;AM;1992;26.0;8;178.0;;;7.0;157.0;170;321.0;;;168;81.0;351.0;;
14;RR;1992;9.0;4;47.0;;;5.0;47.0;43;86.0;;;52;23.0;95.0;;
15;PA;1992;56.0;27;353.0;;;31.0;436.0;325;701.0;;;468;221.0;759.0;;
16;AP;1992;4.0;2;43.0;;;3.0;35.0;41;69.0;;;38;24.0;73.0;;
17;TO;1992;5.0;2;23.0;;;3.0;37.0;21;60.0;;;40;14.0;67.0;;
21;MA;1992;30.0;13;162.0;;;15.0;192.0;149;395.0;;;209;74.0;427.0;;
22;PI;1992;10.0;4;41.0;;;2.0;28.0;37;82.0;;;30;15.0;92.0;;
23;CE;1992;42.0;20;265.0;;;14.0;187.0;244;493.0;;;202;102.0;537.0;;
24;RN;1992;15.0;7;92.0;;;9.0;101.0;85;184.0;;;110;57.0;199.0;;
25;PB;1992;36.0;15;165.0;;;24.0;194.0;150;319.0;;;218;101.0;355.0;;
26;PE;1992;171.0;75;1093.0;;;93.0;1621.0;1013;2352.0;;;1719;794.0;2531.0;;
27;AL;1992;53.0;24;243.0;;;17.0;267.0;219;538.0;;;284;131.0;591.0;;
28;SE;1992;28.0;9;212.0;;;7.0;295.0;199;420.0;;;312;4164.0;461.0;;
29;BA;1992;79.0;36;405.0;;;26.0;401.0;369;758.0;;;428;237.0;840.0;;
31;MG;1992;154.0;62;481.0;;;51.0;435.0;418;972.0;;;488;231.0;1131.0;;
32;ES;1992;85.0;39;361.0;;;31.0;349.0;322;751.0;;;381;196.0;839.0;;
33;RJ;1992;319.0;125;2257.0;;;219.0;3358.0;2132;4212.0;;;3580;1896.0;4536.0;;
41;PR;1992;116.0;42;486.0;;;47.0;507.0;440;971.0;;;554;269.0;1092.0;;
42;SC;1992;50.0;12;157.0;;;10.0;141.0;145;311.0;;;151;74.0;361.0;;
43;RS;1992;161.0;62;740.0;;;101.0;934.0;678;1409.0;;;1035;516.0;1570.0;;
50;MS;1992;58.0;28;181.0;;;29.0;206.0;153;365.0;;;235;107.0;423.0;;
51;MT;1992;35.0;17;144.0;;;11.0;144.0;126;316.0;;;158;70.0;355.0;;
52;GO;1992;125.0;52;340.0;;;56.0;361.0;288;703.0;;;417;189.0;828.0;;
53;DF;1992;40.0;14;245.0;;;16.0;255.0;231;384.0;;;271;172.0;424.0;;
17;TO;1993;12.0;7;37.0;;;3.0;24.0;30;81.0;;;27;12.0;93.0;;
53;DF;1993;49.0;23;319.0;;;27.0;335.0;296;503.0;;;362;234.0;553.0;;
52;GO;1993;96.0;51;317.0;;;47.0;327.0;266;636.0;;;375;188.0;734.0;;
51;MT;1993;31.0;20;158.0;;;11.0;159.0;138;325.0;;;170;81.0;356.0;;
50;MS;1993;39.0;14;180.0;;;18.0;236.0;165;413.0;;;257;113.0;457.0;;
43;RS;1993;113.0;49;565.0;;;50.0;637.0;516;1064.0;;;687;369.0;1177.0;;
42;SC;1993;34.0;13;159.0;;;12.0;163.0;146;337.0;;;175;81.0;371.0;;
41;PR;1993;138.0;62;567.0;;;53.0;586.0;505;1099.0;;;639;320.0;1237.0;;
35;SP;1993;726.0;325;5183.0;;;232.0;3451.0;4858;8498.0;;;3683;2304.0;9224.0;;
33;RJ;1993;381.0;124;2557.0;;;256.0;4062.0;2431;4972.0;;;4326;2197.0;5367.0;;
32;ES;1993;101.0;50;516.0;;;33.0;522.0;466;995.0;;;555;295.0;1098.0;;
31;MG;1993;181.0;61;533.0;;;68.0;466.0;472;1028.0;;;535;281.0;1211.0;;
29;BA;1993;120.0;46;825.0;;;54.0;945.0;775;1364.0;;;1013;618.0;1503.0;;
28;SE;1993;25.0;8;159.0;;;10.0;155.0;151;286.0;;;165;5077.0;312.0;;
27;AL;1993;50.0;15;238.0;;;29.0;322.0;223;569.0;;;351;147.0;619.0;;
26;PE;1993;218.0;96;1416.0;;;118.0;1774.0;1318;2543.0;;;1893;1090.0;2763.0;;
25;PB;1993;26.0;10;168.0;;;13.0;192.0;157;337.0;;;205;94.0;365.0;;
24;RN;1993;21.0;9;128.0;;;14.0;137.0;119;222.0;;;151;81.0;243.0;;
23;CE;1993;61.0;30;360.0;;;21.0;249.0;330;640.0;;;270;164.0;702.0;;
22;PI;1993;13.0;8;55.0;;;4.0;26.0;47;104.0;;;30;19.0;117.0;;
21;MA;1993;33.0;15;165.0;;;10.0;161.0;150;359.0;;;173;68.0;394.0;;
11;RO;1993;55.0;23;208.0;;;24.0;256.0;183;439.0;;;280;125.0;498.0;;
12;AC;1993;12.0;3;66.0;;;5.0;55.0;62;101.0;;;61;36.0;116.0;;
13;AM;1993;33.0;17;186.0;;;10.0;161.0;169;316.0;;;172;96.0;350.0;;
14;RR;1993;4.0;3;26.0;;;3.0;39.0;22;63.0;;;43;16.0;69.0;;
15;PA;1993;46.0;21;290.0;;;20.0;345.0;269;577.0;;;365;169.0;623.0;;
16;AP;1993;5.0;2;36.0;;;2.0;37.0;34;61.0;;;39;26.0;66.0;;
26;PE;1994;191.0;80;1381.0;;;113.0;1784.0;1300;2399.0;;;1897;1068.0;2593.0;;
11;RO;1994;37.0;16;169.0;;;17.0;202.0;153;360.0;;;221;95.0;399.0;;
12;AC;1994;11.0;5;48.0;;;5.0;36.0;43;77.0;;;41;23.0;88.0;;
13;AM;1994;27.0;13;231.0;;;13.0;171.0;218;359.0;;;184;110.0;387.0;;
14;RR;1994;6.0;2;31.0;;;2.0;47.0;29;72.0;;;49;18.0;78.0;;
15;PA;1994;59.0;29;362.0;;;36.0;377.0;333;657.0;;;413;217.0;716.0;;
16;AP;1994;16.0;6;69.0;;;4.0;49.0;63;109.0;;;53;33.0;125.0;;
17;TO;1994;13.0;8;50.0;;;5.0;25.0;42;95.0;;;30;12.0;109.0;;
21;MA;1994;24.0;6;136.0;;;6.0;114.0;130;289.0;;;121;65.0;314.0;;
22;PI;1994;10.0;5;54.0;;;1.0;31.0;49;89.0;;;32;19.0;99.0;;
23;CE;1994;59.0;22;308.0;;;21.0;238.0;284;573.0;;;260;123.0;636.0;;
24;RN;1994;19.0;7;107.0;;;6.0;111.0;99;191.0;;;117;66.0;211.0;;
25;PB;1994;28.0;9;204.0;;;16.0;172.0;193;354.0;;;188;98.0;385.0;;
27;AL;1994;48.0;21;257.0;;;24.0;360.0;236;567.0;;;384;166.0;615.0;;
28;SE;1994;32.0;14;181.0;;;21.0;190.0;167;307.0;;;213;5980.0;344.0;;
29;BA;1994;180.0;82;963.0;;;88.0;1073.0;880;1551.0;;;1164;716.0;1739.0;;
31;MG;1994;170.0;74;525.0;;;50.0;409.0;448;941.0;;;460;256.0;1118.0;;
32;ES;1994;108.0;41;517.0;;;46.0;549.0;476;1053.0;;;596;300.0;1166.0;;
33;RJ;1994;491.0;181;3091.0;;;344.0;5080.0;2909;5922.0;;;5430;2779.0;6420.0;;
35;SP;1994;787.0;369;5915.0;;;259.0;3868.0;5546;9194.0;;;4127;2645.0;9981.0;;
41;PR;1994;130.0;54;570.0;;;58.0;650.0;516;1130.0;;;708;356.0;1260.0;;
42;SC;1994;45.0;19;150.0;;;9.0;145.0;131;301.0;;;154;71.0;346.0;;
43;RS;1994;138.0;56;644.0;;;70.0;720.0;588;1196.0;;;790;426.0;1334.0;;
50;MS;1994;48.0;24;233.0;;;19.0;264.0;208;472.0;;;283;138.0;522.0;;
51;MT;1994;20.0;4;113.0;;;7.0;138.0;109;296.0;;;145;56.0;316.0;;
52;GO;1994;93.0;36;363.0;;;41.0;401.0;327;681.0;;;442;227.0;774.0;;
53;DF;1994;50.0;21;322.0;;;33.0;354.0;301;505.0;;;387;250.0;556.0;;
15;PA;1995;59.0;21;321.0;;;25.0;362.0;300;641.0;;;387;183.0;700.0;;
21;MA;1995;40.0;19;173.0;;;10.0;152.0;154;344.0;;;163;79.0;385.0;;
22;PI;1995;19.0;9;53.0;;;7.0;40.0;44;95.0;;;47;28.0;114.0;;
23;CE;1995;55.0;18;424.0;;;18.0;341.0;406;790.0;;;359;195.0;845.0;;
24;RN;1995;30.0;9;106.0;;;15.0;127.0;97;217.0;;;142;66.0;247.0;;
25;PB;1995;66.0;37;235.0;;;29.0;210.0;198;391.0;;;239;131.0;457.0;;
26;PE;1995;205.0;96;1372.0;;;128.0;1942.0;1274;2498.0;;;2073;1127.0;2706.0;;
27;AL;1995;62.0;29;291.0;;;38.0;447.0;262;680.0;;;485;203.0;742.0;;
28;SE;1995;27.0;11;124.0;;;10.0;121.0;113;227.0;;;132;7333.0;255.0;;
29;BA;1995;165.0;57;783.0;;;79.0;978.0;723;1360.0;;;1067;604.0;1536.0;;
31;MG;1995;145.0;52;566.0;;;46.0;558.0;511;1057.0;;;607;325.0;1214.0;;
32;ES;1995;123.0;57;569.0;;;53.0;557.0;512;1031.0;;;610;347.0;1154.0;;
33;RJ;1995;587.0;214;4129.0;;;408.0;6240.0;3914;7617.0;;;6659;3567.0;8218.0;;
35;SP;1995;959.0;456;6486.0;;;368.0;4791.0;6030;10596.0;;;5159;3094.0;11555.0;;
41;PR;1995;163.0;71;666.0;;;79.0;748.0;595;1223.0;;;827;445.0;1387.0;;
42;SC;1995;48.0;20;175.0;;;21.0;197.0;155;372.0;;;218;94.0;420.0;;
43;RS;1995;151.0;64;668.0;;;89.0;884.0;604;1288.0;;;973;494.0;1439.0;;
50;MS;1995;51.0;18;283.0;;;22.0;388.0;264;582.0;;;411;208.0;636.0;;
51;MT;1995;66.0;33;214.0;;;25.0;297.0;181;516.0;;;322;112.0;583.0;;
52;GO;1995;129.0;54;345.0;;;61.0;376.0;291;652.0;;;439;208.0;784.0;;
53;DF;1995;57.0;29;358.0;;;27.0;417.0;329;572.0;;;444;288.0;629.0;;
16;AP;1995;11.0;2;72.0;;;3.0;54.0;70;113.0;;;57;34.0;124.0;;
11;RO;1995;37.0;10;132.0;;;12.0;147.0;122;292.0;;;160;79.0;330.0;;
12;AC;1995;16.0;5;52.0;;;9.0;48.0;47;86.0;;;57;32.0;103.0;;
13;AM;1995;42.0;21;242.0;;;14.0;170.0;221;383.0;;;184;113.0;425.0;;
14;RR;1995;8.0;5;46.0;;;1.0;49.0;41;79.0;;;50;28.0;87.0;;
17;TO;1995;5.0;4;39.0;;;3.0;32.0;35;72.0;;;35;15.0;77.0;;
11;RO;1996;43.0;16;105.0;0.0;0.0;24.0;171.0;89;256.0;0.0;0.0;196;69.0;301.0;0.0;0.0
12;AC;1996;15.0;7;49.0;1.0;0.0;5.0;56.0;42;89.0;0.0;1.0;61;28.0;104.0;0.0;0.0
13;AM;1996;33.0;16;261.0;0.0;0.0;16.0;204.0;245;417.0;0.0;0.0;220;132.0;450.0;0.0;0.0
14;RR;1996;18.0;9;51.0;0.0;0.0;5.0;45.0;42;89.0;0.0;0.0;50;22.0;107.0;0.0;0.0
15;PA;1996;78.0;38;348.0;1.0;0.0;31.0;318.0;310;622.0;0.0;1.0;349;174.0;700.0;0.0;0.0
16;AP;1996;16.0;11;91.0;0.0;0.0;9.0;80.0;80;141.0;0.0;0.0;89;54.0;157.0;0.0;0.0
17;TO;1996;21.0;5;53.0;0.0;0.0;6.0;43.0;48;105.0;0.0;0.0;49;23.0;126.0;0.0;0.0
53;DF;1996;52.0;27;335.0;0.0;0.0;32.0;402.0;308;562.0;0.0;0.0;435;268.0;615.0;0.0;0.0
52;GO;1996;119.0;55;346.0;0.0;0.0;66.0;403.0;291;663.0;0.0;0.0;469;223.0;782.0;0.0;0.0
51;MT;1996;87.0;39;269.0;0.0;0.0;38.0;386.0;229;568.0;0.0;0.0;427;196.0;660.0;0.0;0.0
50;MS;1996;79.0;33;318.0;0.0;0.0;49.0;418.0;285;642.0;0.0;0.0;468;223.0;722.0;0.0;0.0
43;RS;1996;192.0;84;677.0;0.0;0.0;111.0;886.0;593;1290.0;0.0;0.0;997;492.0;1482.0;0.0;0.0
42;SC;1996;67.0;28;182.0;1.0;0.0;26.0;187.0;154;345.0;0.0;1.0;213;108.0;412.0;0.0;0.0
41;PR;1996;154.0;77;676.0;0.0;0.0;73.0;714.0;599;1225.0;0.0;0.0;787;438.0;1379.0;0.0;0.0
35;SP;1996;959.0;431;6808.0;1696.0;335.0;343.0;5022.0;6377;11361.0;24.0;1553.0;5365;3173.0;12320.0;143.0;359.0
33;RJ;1996;651.0;248;3998.0;1.0;0.0;428.0;5581.0;3747;7369.0;0.0;1.0;6017;3157.0;8034.0;0.0;0.0
32;ES;1996;123.0;54;573.0;0.0;0.0;63.0;597.0;518;1067.0;0.0;0.0;661;351.0;1191.0;0.0;0.0
31;MG;1996;185.0;77;579.0;2.0;0.0;87.0;559.0;501;1075.0;0.0;2.0;647;336.0;1261.0;0.0;0.0
29;BA;1996;176.0;83;1001.0;0.0;0.0;120.0;1368.0;918;1707.0;0.0;0.0;1488;854.0;1883.0;0.0;0.0
28;SE;1996;30.0;13;121.0;0.0;0.0;14.0;137.0;108;207.0;0.0;0.0;152;7017.0;238.0;0.0;0.0
27;AL;1996;70.0;32;327.0;0.0;0.0;43.0;472.0;295;671.0;0.0;0.0;515;233.0;741.0;0.0;0.0
26;PE;1996;245.0;84;1529.0;1.0;0.0;150.0;2172.0;1442;2773.0;0.0;1.0;2325;1272.0;3022.0;0.0;0.0
25;PB;1996;106.0;43;302.0;0.0;0.0;41.0;234.0;259;530.0;0.0;0.0;275;148.0;636.0;0.0;0.0
21;MA;1996;31.0;14;162.0;0.0;0.0;12.0;174.0;148;330.0;0.0;0.0;187;88.0;363.0;0.0;0.0
22;PI;1996;14.0;2;50.0;0.0;0.0;2.0;38.0;48;102.0;0.0;0.0;40;20.0;117.0;0.0;0.0
23;CE;1996;84.0;36;443.0;0.0;0.0;29.0;320.0;405;793.0;0.0;0.0;351;192.0;885.0;0.0;0.0
24;RN;1996;35.0;15;113.0;0.0;0.0;12.0;131.0;98;206.0;0.0;0.0;143;69.0;241.0;0.0;0.0
16;AP;1997;12.0;5;85.0;15.0;73.0;6.0;51.0;80;128.0;7.0;13.0;57;31.0;140.0;2.0;80.0
52;GO;1997;94.0;32;327.0;81.0;121.0;42.0;387.0;293;646.0;16.0;68.0;431;207.0;744.0;13.0;137.0
51;MT;1997;88.0;34;302.0;113.0;212.0;36.0;398.0;268;673.0;23.0;91.0;437;189.0;766.0;21.0;235.0
50;MS;1997;71.0;22;307.0;3.0;1.0;38.0;453.0;285;652.0;0.0;3.0;495;232.0;729.0;0.0;1.0
43;RS;1997;190.0;71;765.0;1225.0;232.0;118.0;1029.0;694;1458.0;23.0;1081.0;1147;580.0;1648.0;144.0;255.0
42;SC;1997;51.0;17;173.0;123.0;10.0;20.0;205.0;156;372.0;1.0;111.0;225;97.0;423.0;12.0;11.0
41;PR;1997;157.0;67;718.0;364.0;66.0;64.0;832.0;651;1424.0;4.0;328.0;896;463.0;1581.0;36.0;70.0
35;SP;1997;1028.0;502;7036.0;2945.0;2055.0;404.0;4973.0;6534;11509.0;151.0;2671.0;5377;3274.0;12537.0;274.0;2206.0
53;DF;1997;48.0;21;349.0;83.0;388.0;30.0;402.0;328;565.0;31.0;73.0;432;282.0;613.0;10.0;419.0
33;RJ;1997;646.0;243;4144.0;2468.0;3940.0;408.0;5746.0;3901;7298.0;294.0;2217.0;6161;3413.0;7954.0;250.0;4238.0
32;ES;1997;128.0;58;725.0;121.0;262.0;67.0;887.0;667;1287.0;20.0;105.0;955;526.0;1416.0;16.0;283.0
31;MG;1997;179.0;69;601.0;311.0;519.0;72.0;656.0;532;1168.0;60.0;262.0;728;387.0;1347.0;49.0;579.0
29;BA;1997;175.0;80;1093.0;18.0;120.0;98.0;1328.0;1013;1805.0;11.0;14.0;1426;850.0;1981.0;4.0;131.0
28;SE;1997;18.0;9;106.0;17.0;47.0;8.0;109.0;97;172.0;3.0;14.0;117;7600.0;190.0;3.0;50.0
27;AL;1997;62.0;33;258.0;47.0;124.0;43.0;436.0;225;580.0;8.0;43.0;479;196.0;642.0;4.0;132.0
26;PE;1997;243.0;98;2057.0;347.0;586.0;145.0;2850.0;1954;3463.0;37.0;313.0;3000;1779.0;3713.0;33.0;624.0
25;PB;1997;42.0;21;247.0;27.0;67.0;27.0;299.0;225;449.0;8.0;26.0;327;166.0;492.0;1.0;75.0
24;RN;1997;27.0;10;124.0;66.0;118.0;14.0;139.0;114;208.0;10.0;54.0;153;89.0;235.0;12.0;128.0
23;CE;1997;85.0;33;495.0;62.0;278.0;31.0;417.0;462;941.0;20.0;55.0;448;250.0;1026.0;7.0;298.0
22;PI;1997;13.0;4;72.0;16.0;76.0;4.0;42.0;68;129.0;8.0;13.0;46;19.0;142.0;3.0;84.0
21;MA;1997;46.0;17;149.0;41.0;170.0;19.0;127.0;132;285.0;18.0;33.0;148;71.0;333.0;8.0;189.0
17;TO;1997;19.0;7;47.0;24.0;29.0;4.0;46.0;40;93.0;4.0;21.0;50;26.0;112.0;3.0;33.0
14;RR;1997;10.0;5;42.0;6.0;13.0;3.0;37.0;37;80.0;2.0;5.0;40;23.0;90.0;1.0;15.0
13;AM;1997;33.0;19;277.0;40.0;353.0;13.0;187.0;257;433.0;25.0;36.0;202;124.0;468.0;4.0;380.0
12;AC;1997;14.0;4;59.0;7.0;3.0;6.0;49.0;55;86.0;3.0;7.0;55;37.0;100.0;0.0;6.0
11;RO;1997;33.0;17;154.0;40.0;47.0;20.0;186.0;137;322.0;4.0;32.0;206;92.0;355.0;8.0;51.0
15;PA;1997;76.0;27;386.0;30.0;237.0;36.0;371.0;359;678.0;23.0;28.0;407;211.0;754.0;2.0;260.0
13;AM;1998;52.0;33;342.0;28.0;404.0;22.0;206.0;309;481.0;45.0;26.0;228;139.0;534.0;2.0;449.0
53;DF;1998;54.0;27;381.0;86.0;415.0;35.0;439.0;354;579.0;37.0;73.0;474;316.0;633.0;13.0;452.0
52;GO;1998;76.0;24;325.0;84.0;180.0;36.0;390.0;294;616.0;12.0;71.0;434;217.0;704.0;12.0;193.0
51;MT;1998;93.0;44;356.0;200.0;364.0;46.0;490.0;311;737.0;46.0;176.0;537;255.0;832.0;23.0;411.0
50;MS;1998;73.0;38;306.0;13.0;8.0;41.0;376.0;268;595.0;2.0;10.0;418;210.0;670.0;3.0;10.0
43;RS;1998;181.0;75;716.0;1156.0;231.0;100.0;958.0;641;1343.0;30.0;1019.0;1058;546.0;1524.0;137.0;261.0
42;SC;1998;69.0;28;176.0;223.0;34.0;27.0;171.0;148;345.0;2.0;179.0;198;95.0;414.0;44.0;36.0
41;PR;1998;178.0;69;762.0;944.0;232.0;68.0;893.0;693;1447.0;22.0;827.0;961;513.0;1625.0;117.0;254.0
35;SP;1998;1034.0;518;8020.0;6864.0;5434.0;382.0;5920.0;7502;12952.0;351.0;6291.0;6302;3833.0;13986.0;573.0;5785.0
33;RJ;1998;560.0;223;4008.0;2452.0;3631.0;398.0;5570.0;3783;7000.0;255.0;2246.0;5978;3328.0;7573.0;202.0;3891.0
32;ES;1998;163.0;64;880.0;178.0;328.0;93.0;1066.0;816;1508.0;32.0;156.0;1161;669.0;1675.0;22.0;360.0
31;MG;1998;201.0;81;729.0;420.0;700.0;77.0;788.0;648;1310.0;92.0;363.0;865;480.0;1511.0;57.0;792.0
29;BA;1998;101.0;39;656.0;47.0;248.0;38.0;760.0;616;1169.0;24.0;44.0;799;462.0;1271.0;3.0;273.0
28;SE;1998;13.0;3;87.0;14.0;79.0;6.0;99.0;84;162.0;5.0;12.0;105;8310.0;175.0;2.0;84.0
27;AL;1998;45.0;26;260.0;55.0;216.0;28.0;386.0;234;537.0;18.0;47.0;414;192.0;582.0;8.0;234.0
26;PE;1998;277.0;122;2560.0;545.0;1106.0;196.0;3453.0;2437;4141.0;65.0;485.0;3651;2221.0;4423.0;60.0;1171.0
25;PB;1998;41.0;24;239.0;31.0;82.0;24.0;267.0;215;414.0;5.0;25.0;291;165.0;455.0;6.0;87.0
24;RN;1998;20.0;9;124.0;45.0;119.0;9.0;131.0;115;202.0;7.0;37.0;140;83.0;222.0;8.0;126.0
23;CE;1998;56.0;27;474.0;108.0;305.0;26.0;457.0;447;889.0;11.0;97.0;483;251.0;946.0;11.0;316.0
22;PI;1998;20.0;8;74.0;20.0;78.0;4.0;35.0;66;119.0;12.0;15.0;40;23.0;140.0;5.0;90.0
21;MA;1998;30.0;13;131.0;34.0;177.0;9.0;121.0;118;247.0;18.0;29.0;130;68.0;278.0;5.0;196.0
17;TO;1998;19.0;10;51.0;37.0;53.0;13.0;65.0;41;110.0;12.0;33.0;78;30.0;129.0;4.0;65.0
16;AP;1998;12.0;5;97.0;11.0;134.0;7.0;64.0;92;148.0;9.0;8.0;71;43.0;160.0;3.0;143.0
15;PA;1998;67.0;28;438.0;66.0;472.0;29.0;407.0;410;707.0;45.0;56.0;436;240.0;774.0;10.0;517.0
14;RR;1998;12.0;5;64.0;23.0;91.0;7.0;46.0;59;122.0;9.0;20.0;53;31.0;134.0;3.0;100.0
12;AC;1998;12.0;4;59.0;11.0;21.0;5.0;53.0;55;98.0;1.0;10.0;58;34.0;110.0;1.0;22.0
11;RO;1998;45.0;20;209.0;83.0;105.0;21.0;290.0;189;449.0;7.0;72.0;311;141.0;494.0;11.0;112.0
13;AM;1999;51.0;24;316.0;38.0;422.0;19.0;203.0;292;475.0;45.0;33.0;222;137.0;527.0;4.0;467.0
11;RO;1999;38.0;16;171.0;109.0;153.0;23.0;298.0;155;392.0;15.0;96.0;322;129.0;432.0;12.0;168.0
12;AC;1999;7.0;4;26.0;15.0;15.0;2.0;12.0;22;44.0;2.0;12.0;14;6.0;51.0;3.0;17.0
14;RR;1999;15.0;4;77.0;57.0;82.0;6.0;54.0;73;139.0;6.0;49.0;60;34.0;154.0;8.0;88.0
53;DF;1999;60.0;31;402.0;98.0;440.0;34.0;420.0;371;598.0;40.0;83.0;454;310.0;659.0;15.0;480.0
52;GO;1999;117.0;50;416.0;188.0;245.0;60.0;472.0;366;733.0;28.0;148.0;534;290.0;853.0;40.0;274.0
51;MT;1999;71.0;33;337.0;223.0;387.0;35.0;441.0;304;751.0;34.0;200.0;476;218.0;822.0;23.0;421.0
50;MS;1999;63.0;24;264.0;156.0;124.0;36.0;315.0;240;508.0;13.0;137.0;351;169.0;571.0;19.0;137.0
43;RS;1999;163.0;68;779.0;1173.0;249.0;90.0;995.0;711;1370.0;21.0;1039.0;1085;596.0;1533.0;134.0;270.0
42;SC;1999;50.0;19;147.0;259.0;44.0;19.0;160.0;128;335.0;1.0;217.0;179;77.0;385.0;42.0;45.0
41;PR;1999;182.0;64;813.0;1151.0;262.0;81.0;945.0;749;1522.0;30.0;1025.0;1027;580.0;1706.0;126.0;292.0
35;SP;1999;1123.0;529;9019.0;8367.0;6182.0;450.0;7567.0;8490;14640.0;412.0;7723.0;8017;4905.0;15763.0;644.0;6594.0
33;RJ;1999;543.0;225;3876.0;2446.0;3726.0;380.0;5607.0;3650;6695.0;265.0;2212.0;6002;3365.0;7261.0;232.0;3994.0
32;ES;1999;128.0;63;815.0;230.0;554.0;80.0;1041.0;752;1396.0;45.0;208.0;1121;664.0;1524.0;22.0;599.0
31;MG;1999;222.0;98;792.0;437.0;732.0;74.0;650.0;693;1373.0;110.0;368.0;725;413.0;1596.0;69.0;842.0
29;BA;1999;88.0;33;475.0;97.0;305.0;31.0;520.0;442;823.0;41.0;88.0;551;313.0;913.0;9.0;346.0
28;SE;1999;40.0;18;168.0;39.0;101.0;21.0;194.0;149;288.0;12.0;32.0;216;9347.0;329.0;7.0;114.0
27;AL;1999;55.0;21;273.0;54.0;338.0;29.0;353.0;252;499.0;30.0;47.0;382;202.0;554.0;7.0;368.0
26;PE;1999;265.0;130;2414.0;583.0;2186.0;206.0;3401.0;2282;3949.0;143.0;528.0;3610;2166.0;4217.0;55.0;2329.0
25;PB;1999;34.0;13;202.0;47.0;111.0;19.0;237.0;189;369.0;7.0;34.0;256;138.0;403.0;13.0;118.0
24;RN;1999;24.0;6;84.0;57.0;122.0;15.0;123.0;78;200.0;13.0;50.0;138;58.0;224.0;7.0;135.0
23;CE;1999;91.0;34;512.0;164.0;518.0;31.0;497.0;478;1012.0;34.0;145.0;528;262.0;1104.0;19.0;552.0
22;PI;1999;7.0;4;75.0;18.0;85.0;1.0;55.0;71;126.0;6.0;18.0;56;33.0;133.0;0.0;91.0
21;MA;1999;27.0;7;113.0;41.0;135.0;7.0;95.0;105;233.0;14.0;37.0;102;44.0;262.0;3.0;149.0
17;TO;1999;16.0;11;68.0;46.0;60.0;6.0;64.0;57;121.0;9.0;43.0;70;38.0;137.0;3.0;69.0
16;AP;1999;17.0;11;124.0;11.0;163.0;5.0;55.0;113;175.0;16.0;10.0;60;41.0;192.0;1.0;179.0
15;PA;1999;39.0;16;314.0;67.0;462.0;18.0;325.0;297;601.0;31.0;66.0;344;175.0;642.0;1.0;494.0
14;RR;2000;22.0;9;68.0;28.0;89.0;4.0;1159.0;59;108.0;12.0;18.0;47;28.0;130.0;10.0;101.0
13;AM;2000;36.0;21;352.0;48.0;454.0;13.0;437.0;331;516.0;28.0;42.0;247;165.0;552.0;6.0;482.0
12;AC;2000;13.0;9;67.0;49.0;44.0;4.0;35.0;58;93.0;7.0;44.0;39;21.0;106.0;5.0;51.0
11;RO;2000;46.0;19;210.0;123.0;230.0;18.0;259.0;191;419.0;22.0;109.0;277;127.0;466.0;14.0;252.0
53;DF;2000;41.0;19;407.0;104.0;533.0;23.0;129.0;388;644.0;32.0;97.0;501;334.0;687.0;7.0;565.0
52;GO;2000;142.0;65;548.0;320.0;472.0;71.0;603.0;482;940.0;53.0;269.0;706;406.0;1085.0;51.0;526.0
51;MT;2000;81.0;26;422.0;336.0;561.0;43.0;340.0;396;909.0;47.0;303.0;691;325.0;990.0;33.0;608.0
50;MS;2000;72.0;33;314.0;297.0;273.0;41.0;3405.0;281;577.0;30.0;259.0;448;246.0;651.0;38.0;303.0
43;RS;2000;175.0;53;800.0;1363.0;250.0;91.0;196.0;747;1491.0;22.0;1216.0;1250;662.0;1668.0;147.0;272.0
42;SC;2000;53.0;18;172.0;332.0;47.0;26.0;407.0;154;380.0;9.0;292.0;222;99.0;433.0;40.0;56.0
41;PR;2000;164.0;59;892.0;1379.0;331.0;76.0;1303.0;833;1623.0;22.0;1242.0;1093;620.0;1789.0;137.0;353.0
35;SP;2000;1150.0;544;9249.0;8850.0;6029.0;599.0;648.0;8705;14441.0;378.0;8110.0;9642;6116.0;15591.0;740.0;6407.0
33;RJ;2000;540.0;220;3982.0;2694.0;4003.0;375.0;9043.0;3761;6795.0;265.0;2447.0;6126;3459.0;7350.0;246.0;4271.0
32;ES;2000;113.0;52;744.0;260.0;624.0;63.0;96.0;692;1322.0;49.0;237.0;1004;576.0;1435.0;23.0;673.0
31;MG;2000;252.0;108;1166.0;643.0;1126.0;117.0;451.0;1058;1857.0;125.0;541.0;1420;900.0;2109.0;102.0;1251.0
29;BA;2000;132.0;59;666.0;94.0;802.0;59.0;31.0;607;1108.0;90.0;79.0;766;451.0;1242.0;15.0;892.0
28;SE;2000;37.0;10;218.0;67.0;171.0;18.0;633.0;208;373.0;15.0;62.0;279;157.0;410.0;5.0;186.0
27;AL;2000;64.0;30;395.0;102.0;487.0;33.0;234.0;365;663.0;46.0;92.0;484;277.0;727.0;10.0;533.0
26;PE;2000;310.0;153;2470.0;546.0;3003.0;212.0;941.0;2317;3980.0;202.0;476.0;3617;2190.0;4290.0;70.0;3205.0
25;PB;2000;44.0;20;297.0;59.0;351.0;32.0;705.0;277;463.0;32.0;52.0;372;227.0;507.0;7.0;383.0
24;RN;2000;22.0;13;122.0;61.0;161.0;9.0;1015.0;109;235.0;10.0;50.0;147;79.0;257.0;11.0;171.0
23;CE;2000;106.0;43;620.0;211.0;656.0;54.0;89.0;577;1131.0;51.0;182.0;657;340.0;1238.0;29.0;708.0
22;PI;2000;14.0;7;126.0;36.0;138.0;2.0;5744.0;118;214.0;8.0;33.0;98;55.0;230.0;3.0;147.0
21;MA;2000;32.0;17;187.0;60.0;230.0;12.0;138.0;170;320.0;24.0;56.0;141;64.0;352.0;4.0;254.0
17;TO;2000;16.0;5;86.0;57.0;103.0;8.0;477.0;81;160.0;10.0;52.0;97;57.0;176.0;5.0;113.0
16;AP;2000;4.0;2;107.0;12.0;124.0;2.0;43.0;105;152.0;4.0;12.0;33;24.0;156.0;0.0;128.0
15;PA;2000;63.0;30;418.0;95.0;603.0;24.0;261.0;388;743.0;55.0;88.0;461;247.0;806.0;7.0;658.0
11;RO;2001;65.0;32;240.0;201.0;275.0;34.0;343.0;208;508.0;35.0;178.0;377;157.0;573.0;23.0;310.0
14;RR;2001;7.0;3;51.0;22.0;76.0;1.0;1241.0;48;101.0;6.0;21.0;42;20.0;108.0;1.0;82.0
12;AC;2001;12.0;8;72.0;35.0;65.0;3.0;51.0;64;109.0;5.0;31.0;54;36.0;121.0;4.0;70.0
13;AM;2001;55.0;27;285.0;58.0;371.0;15.0;497.0;258;430.0;45.0;50.0;199;124.0;485.0;8.0;416.0
53;DF;2001;44.0;28;447.0;95.0;549.0;25.0;202.0;419;649.0;34.0;87.0;495;362.0;693.0;8.0;583.0
52;GO;2001;131.0;58;591.0;348.0;606.0;64.0;595.0;533;1035.0;61.0;306.0;752;420.0;1167.0;42.0;667.0
51;MT;2001;92.0;43;427.0;309.0;573.0;42.0;323.0;384;880.0;56.0;276.0;582;286.0;973.0;33.0;629.0
50;MS;2001;64.0;32;267.0;294.0;277.0;35.0;3748.0;235;555.0;31.0;265.0;395;190.0;621.0;29.0;308.0
43;RS;2001;180.0;73;880.0;1498.0;300.0;102.0;244.0;807;1674.0;17.0;1342.0;1343;719.0;1854.0;156.0;317.0
42;SC;2001;60.0;25;214.0;361.0;61.0;25.0;358.0;189;417.0;7.0;320.0;269;133.0;477.0;41.0;68.0
41;PR;2001;197.0;95;1041.0;1639.0;333.0;101.0;1461.0;946;1852.0;24.0;1469.0;1269;731.0;2052.0;169.0;358.0
35;SP;2001;1100.0;538;9193.0;9000.0;6096.0;618.0;539.0;8655;14669.0;379.0;8301.0;10625;6588.0;15773.0;699.0;6475.0
33;RJ;2001;566.0;236;3962.0;2514.0;4003.0;384.0;10006.0;3726;6767.0;306.0;2306.0;6134;3511.0;7362.0;206.0;4309.0
32;ES;2001;132.0;60;784.0;255.0;680.0;80.0;95.0;723;1319.0;58.0;222.0;1019;609.0;1452.0;33.0;738.0
31;MG;2001;241.0;102;1255.0;767.0;1304.0;97.0;575.0;1153;2124.0;119.0;673.0;1558;957.0;2366.0;94.0;1423.0
29;BA;2001;122.0;39;887.0;145.0;1130.0;50.0;42.0;848;1500.0;81.0;132.0;1129;702.0;1622.0;13.0;1211.0
28;SE;2001;31.0;7;298.0;86.0;256.0;19.0;687.0;291;487.0;15.0;80.0;366;228.0;518.0;6.0;271.0
27;AL;2001;54.0;23;480.0;106.0;557.0;29.0;184.0;456;775.0;31.0;95.0;604;369.0;830.0;11.0;589.0
26;PE;2001;294.0;127;2744.0;546.0;3441.0;194.0;939.0;2616;4409.0;206.0;491.0;3949;2442.0;4710.0;55.0;3647.0
25;PB;2001;45.0;24;288.0;56.0;298.0;23.0;1079.0;264;439.0;31.0;47.0;346;211.0;484.0;9.0;329.0
24;RN;2001;24.0;16;156.0;63.0;204.0;14.0;1165.0;140;297.0;17.0;58.0;216;108.0;322.0;5.0;221.0
23;CE;2001;114.0;47;651.0;185.0;638.0;43.0;120.0;604;1170.0;58.0;164.0;638;343.0;1284.0;21.0;696.0
22;PI;2001;35.0;20;133.0;41.0;155.0;7.0;5740.0;113;226.0;24.0;34.0;102;64.0;262.0;7.0;179.0
21;MA;2001;54.0;25;296.0;97.0;403.0;19.0;202.0;271;509.0;36.0;81.0;221;120.0;563.0;16.0;439.0
17;TO;2001;23.0;10;89.0;69.0;126.0;11.0;470.0;79;189.0;14.0;60.0;131;60.0;212.0;9.0;140.0
16;AP;2001;12.0;7;115.0;15.0;155.0;1.0;41.0;108;170.0;9.0;13.0;43;21.0;182.0;2.0;164.0
15;PA;2001;97.0;46;515.0;116.0;725.0;46.0;347.0;469;869.0;74.0;96.0;543;289.0;966.0;20.0;799.0
24;RN;2002;23.0;10;143.0;67.0;201.0;7.0;1402.0;133;276.0;12.0;58.0;193;95.0;299.0;9.0;213.0
53;DF;2002;50.0;31;416.0;93.0;503.0;29.0;239.0;385;591.0;36.0;80.0;469;338.0;641.0;13.0;539.0
52;GO;2002;145.0;62;709.0;411.0;666.0;76.0;692.0;647;1225.0;68.0;361.0;893;520.0;1370.0;50.0;734.0
51;MT;2002;92.0;37;414.0;320.0;549.0;45.0;393.0;377;856.0;53.0;283.0;582;279.0;948.0;37.0;602.0
50;MS;2002;77.0;30;313.0;325.0;298.0;34.0;3453.0;283;605.0;35.0;284.0;421;203.0;684.0;41.0;333.0
43;RS;2002;198.0;76;953.0;1564.0;288.0;107.0;281.0;877;1714.0;34.0;1402.0;1373;757.0;1912.0;162.0;322.0
42;SC;2002;75.0;32;263.0;457.0;75.0;36.0;386.0;231;510.0;9.0;396.0;317;162.0;585.0;61.0;84.0
41;PR;2002;204.0;86;1233.0;1811.0;377.0;92.0;1907.0;1147;2061.0;35.0;1644.0;1494;920.0;2266.0;167.0;413.0
35;SP;2002;1053.0;533;8610.0;8285.0;5643.0;547.0;537.0;8077;13471.0;363.0;7611.0;9415;6042.0;14526.0;673.0;6006.0
33;RJ;2002;560.0;225;4555.0;2869.0;4634.0;362.0;8867.0;4329;7748.0;284.0;2631.0;6678;3888.0;8335.0;236.0;4923.0
32;ES;2002;149.0;74;936.0;290.0;742.0;88.0;110.0;862;1494.0;71.0;261.0;1221;760.0;1644.0;29.0;813.0
31;MG;2002;294.0;120;1624.0;903.0;1776.0;142.0;675.0;1504;2700.0;151.0;783.0;2049;1249.0;2994.0;120.0;1927.0
29;BA;2002;123.0;65;1014.0;149.0;1209.0;60.0;45.0;949;1634.0;88.0;134.0;1220;777.0;1759.0;15.0;1298.0
28;SE;2002;37.0;16;323.0;68.0;362.0;14.0;817.0;307;519.0;22.0;61.0;402;247.0;556.0;7.0;384.0
27;AL;2002;70.0;30;559.0;106.0;616.0;45.0;186.0;529;921.0;39.0;99.0;720;435.0;991.0;7.0;655.0
26;PE;2002;274.0;113;2588.0;534.0;3395.0;182.0;1132.0;2474;4118.0;178.0;459.0;3639;2267.0;4396.0;75.0;3574.0
25;PB;2002;46.0;22;322.0;51.0;405.0;25.0;1159.0;299;551.0;26.0;44.0;425;227.0;607.0;7.0;432.0
23;CE;2002;125.0;60;729.0;142.0;657.0;49.0;76.0;669;1320.0;48.0;126.0;741;422.0;1445.0;16.0;705.0
22;PI;2002;27.0;9;162.0;43.0;214.0;10.0;6308.0;153;279.0;18.0;37.0;120;65.0;308.0;6.0;232.0
21;MA;2002;39.0;13;302.0;97.0;462.0;14.0;186.0;289;567.0;31.0;90.0;253;115.0;606.0;7.0;493.0
17;TO;2002;20.0;9;82.0;43.0;110.0;7.0;440.0;73;150.0;16.0;39.0;83;43.0;170.0;4.0;126.0
16;AP;2002;12.0;5;120.0;18.0;149.0;5.0;43.0;115;169.0;8.0;14.0;50;28.0;181.0;4.0;157.0
15;PA;2002;73.0;31;632.0;137.0;974.0;33.0;388.0;601;1119.0;62.0;127.0;694;373.0;1192.0;10.0;1036.0
14;RR;2002;12.0;7;71.0;28.0;83.0;5.0;1266.0;64;110.0;9.0;25.0;48;20.0;122.0;3.0;92.0
13;AM;2002;35.0;17;312.0;60.0;415.0;15.0;661.0;295;478.0;27.0;53.0;201;116.0;513.0;7.0;442.0
12;AC;2002;11.0;6;90.0;46.0;92.0;3.0;63.0;84;140.0;8.0;43.0;66;40.0;151.0;3.0;100.0
11;RO;2002;44.0;17;282.0;189.0;351.0;21.0;371.0;265;569.0;25.0;177.0;393;179.0;615.0;12.0;376.0
14;RR;2003;6.0;3;53.0;22.0;75.0;3.0;1270.0;50;100.0;5.0;21.0;41;16.0;106.0;1.0;80.0
11;RO;2003;51.0;24;231.0;171.0;346.0;33.0;348.0;207;514.0;29.0;149.0;381;155.0;566.0;22.0;375.0
12;AC;2003;15.0;9;78.0;41.0;91.0;5.0;52.0;69;132.0;7.0;35.0;57;31.0;147.0;6.0;98.0
13;AM;2003;35.0;19;343.0;52.0;465.0;14.0;826.0;324;523.0;30.0;47.0;171;111.0;558.0;5.0;495.0
53;DF;2003;62.0;26;454.0;109.0;578.0;41.0;324.0;428;678.0;45.0;95.0;562;381.0;742.0;14.0;623.0
52;GO;2003;143.0;66;713.0;346.0;709.0;69.0;800.0;647;1201.0;74.0;301.0;868;522.0;1346.0;45.0;784.0
51;MT;2003;90.0;38;406.0;300.0;544.0;40.0;436.0;368;818.0;53.0;266.0;555;270.0;908.0;34.0;597.0
50;MS;2003;64.0;26;344.0;303.0;355.0;35.0;3580.0;318;640.0;27.0;268.0;430;240.0;705.0;35.0;382.0
43;RS;2003;177.0;61;932.0;1543.0;331.0;95.0;384.0;871;1731.0;23.0;1391.0;1365;755.0;1908.0;152.0;354.0
42;SC;2003;70.0;30;313.0;494.0;93.0;30.0;395.0;283;600.0;8.0;442.0;414;220.0;670.0;52.0;101.0
41;PR;2003;227.0;102;1368.0;2078.0;380.0;119.0;2615.0;1265;2326.0;32.0;1887.0;1748;1065.0;2555.0;190.0;412.0
35;SP;2003;1029.0;522;8348.0;8127.0;5461.0;538.0;515.0;7826;13017.0;378.0;7487.0;9570;6132.0;14048.0;640.0;5839.0
33;RJ;2003;527.0;214;4517.0;2728.0;4671.0;336.0;9032.0;4303;7579.0;277.0;2499.0;6365;3675.0;8115.0;228.0;4948.0
32;ES;2003;141.0;57;893.0;335.0;816.0;71.0;133.0;836;1487.0;67.0;293.0;1179;699.0;1629.0;42.0;883.0
31;MG;2003;376.0;179;2241.0;1148.0;2340.0;200.0;740.0;2062;3493.0;199.0;996.0;2815;1814.0;3869.0;152.0;2539.0
29;BA;2003;152.0;68;1272.0;158.0;1565.0;68.0;65.0;1204;2014.0;100.0;140.0;1588;1008.0;2166.0;18.0;1665.0
28;SE;2003;34.0;12;259.0;62.0;262.0;18.0;797.0;247;435.0;16.0;54.0;339;200.0;469.0;8.0;278.0
27;AL;2003;67.0;29;615.0;63.0;591.0;34.0;157.0;586;972.0;39.0;58.0;774;476.0;1039.0;5.0;630.0
26;PE;2003;274.0;132;2645.0;546.0;3375.0;186.0;1107.0;2513;4243.0;187.0;493.0;3766;2298.0;4517.0;53.0;3562.0
25;PB;2003;35.0;14;339.0;48.0;458.0;22.0;1520.0;325;579.0;25.0;44.0;459;260.0;616.0;4.0;484.0
24;RN;2003;32.0;17;200.0;95.0;261.0;17.0;1627.0;183;373.0;16.0;81.0;289;155.0;405.0;14.0;277.0
23;CE;2003;103.0;44;771.0;159.0;708.0;46.0;93.0;727;1460.0;40.0;149.0;846;449.0;1563.0;10.0;748.0
22;PI;2003;32.0;19;156.0;34.0;217.0;10.0;6024.0;137;265.0;24.0;27.0;143;83.0;298.0;7.0;241.0
21;MA;2003;69.0;30;419.0;120.0;599.0;27.0;272.0;389;726.0;58.0;109.0;351;176.0;795.0;11.0;657.0
17;TO;2003;22.0;7;87.0;42.0;144.0;5.0;520.0;80;182.0;17.0;37.0;98;47.0;204.0;5.0;161.0
16;AP;2003;15.0;8;133.0;11.0;159.0;5.0;38.0;125;170.0;12.0;9.0;70;51.0;185.0;2.0;171.0
15;PA;2003;93.0;47;747.0;152.0;1159.0;45.0;321.0;700;1311.0;78.0;137.0;871;466.0;1405.0;15.0;1237.0
11;RO;2004;33.0;15;280.0;164.0;358.0;20.0;313.0;265;529.0;13.0;147.0;334;170.0;563.0;17.0;372.0
53;DF;2004;52.0;26;436.0;109.0;538.0;29.0;332.0;410;642.0;43.0;101.0;506;360.0;696.0;8.0;582.0
52;GO;2004;142.0;59;816.0;475.0;830.0;50.0;865.0;757;1377.0;64.0;411.0;988;601.0;1524.0;64.0;896.0
51;MT;2004;99.0;49;401.0;273.0;512.0;36.0;431.0;352;754.0;60.0;234.0;454;236.0;853.0;39.0;572.0
50;MS;2004;55.0;23;319.0;269.0;342.0;24.0;3155.0;296;601.0;30.0;245.0;387;217.0;656.0;24.0;372.0
43;RS;2004;195.0;80;1016.0;1581.0;358.0;106.0;345.0;936;1787.0;26.0;1414.0;1432;837.0;1982.0;167.0;384.0
42;SC;2004;79.0;23;281.0;490.0;92.0;32.0;363.0;258;559.0;7.0;427.0;377;202.0;638.0;63.0;99.0
41;PR;2004;249.0;119;1566.0;2233.0;495.0;132.0;3035.0;1447;2573.0;41.0;2030.0;1912;1185.0;2826.0;202.0;537.0
35;SP;2004;861.0;401;6446.0;6530.0;4434.0;458.0;418.0;6045;10474.0;285.0;5958.0;7611;4743.0;11336.0;572.0;4720.0
33;RJ;2004;506.0;205;4349.0;2537.0;4536.0;338.0;7152.0;4144;7221.0;251.0;2307.0;6193;3555.0;7731.0;230.0;4787.0
32;ES;2004;137.0;61;936.0;260.0;859.0;80.0;123.0;875;1482.0;69.0;227.0;1188;761.0;1619.0;33.0;928.0
31;MG;2004;373.0;185;2571.0;1178.0;2686.0;220.0;719.0;2386;3913.0;230.0;1063.0;3255;2154.0;4286.0;115.0;2916.0
29;BA;2004;195.0;89;1311.0;159.0;1704.0;78.0;69.0;1222;2064.0;155.0;139.0;1590;1023.0;2262.0;20.0;1859.0
28;SE;2004;29.0;14;234.0;49.0;255.0;14.0;937.0;220;424.0;15.0;43.0;301;167.0;454.0;6.0;270.0
27;AL;2004;75.0;34;623.0;52.0;666.0;35.0;213.0;589;960.0;42.0;43.0;754;481.0;1035.0;9.0;708.0
26;PE;2004;276.0;142;2490.0;444.0;3224.0;189.0;1108.0;2348;3898.0;206.0;388.0;3344;2125.0;4174.0;56.0;3430.0
25;PB;2004;60.0;17;350.0;45.0;493.0;41.0;1511.0;333;611.0;47.0;40.0;472;257.0;675.0;5.0;540.0
24;RN;2004;21.0;9;181.0;65.0;233.0;9.0;1776.0;172;323.0;13.0;61.0;237;134.0;344.0;4.0;246.0
23;CE;2004;123.0;52;826.0;140.0;655.0;51.0;94.0;774;1459.0;44.0;125.0;916;524.0;1582.0;15.0;699.0
22;PI;2004;26.0;17;173.0;50.0;237.0;8.0;5852.0;156;301.0;14.0;40.0;131;80.0;327.0;10.0;251.0
21;MA;2004;53.0;25;398.0;88.0;587.0;23.0;228.0;373;679.0;44.0;79.0;355;196.0;732.0;9.0;631.0
17;TO;2004;18.0;8;99.0;49.0;135.0;6.0;476.0;91;180.0;14.0;45.0;100;47.0;198.0;4.0;149.0
16;AP;2004;15.0;8;116.0;10.0;146.0;5.0;30.0;108;157.0;14.0;9.0;74;51.0;172.0;1.0;160.0
15;PA;2004;93.0;43;811.0;157.0;1274.0;42.0;286.0;768;1426.0;77.0;143.0;969;539.0;1519.0;14.0;1351.0
14;RR;2004;7.0;6;44.0;16.0;63.0;1.0;1326.0;38;78.0;3.0;13.0;31;15.0;85.0;3.0;66.0
13;AM;2004;49.0;19;309.0;76.0;406.0;14.0;927.0;290;477.0;34.0;63.0;227;136.0;526.0;13.0;440.0
12;AC;2004;10.0;4;75.0;27.0;73.0;7.0;42.0;71;104.0;7.0;24.0;49;31.0;114.0;3.0;80.0
53;DF;2005;47.0;19;403.0;95.0;519.0;25.0;468.0;384;610.0;32.0;81.0;452;317.0;657.0;14.0;551.0
11;RO;2005;49.0;26;246.0;148.0;361.0;25.0;342.0;220;506.0;30.0;134.0;367;175.0;555.0;14.0;391.0
12;AC;2005;13.0;7;67.0;31.0;79.0;1.0;35.0;60;111.0;8.0;26.0;36;18.0;124.0;5.0;87.0
13;AM;2005;48.0;23;356.0;73.0;466.0;13.0;1139.0;333;551.0;40.0;66.0;264;161.0;599.0;7.0;506.0
14;RR;2005;11.0;2;42.0;20.0;64.0;2.0;1359.0;40;84.0;9.0;18.0;28;8.0;95.0;2.0;73.0
15;PA;2005;127.0;57;1082.0;181.0;1625.0;56.0;306.0;1024;1797.0;101.0;155.0;1195;708.0;1926.0;26.0;1726.0
16;AP;2005;15.0;6;123.0;22.0;159.0;5.0;26.0;117;181.0;13.0;20.0;55;33.0;196.0;2.0;172.0
17;TO;2005;21.0;8;88.0;41.0;133.0;6.0;427.0;80;169.0;15.0;35.0;78;39.0;190.0;6.0;148.0
21;MA;2005;58.0;30;511.0;138.0;725.0;21.0;256.0;481;877.0;49.0;130.0;489;276.0;935.0;8.0;774.0
22;PI;2005;40.0;14;210.0;51.0;266.0;11.0;5639.0;196;328.0;29.0;43.0;151;100.0;368.0;8.0;295.0
23;CE;2005;143.0;59;943.0;154.0;715.0;66.0;72.0;883;1555.0;45.0;138.0;1012;613.0;1699.0;16.0;760.0
24;RN;2005;41.0;21;235.0;75.0;248.0;12.0;1906.0;213;364.0;27.0;65.0;268;169.0;406.0;9.0;275.0
25;PB;2005;62.0;25;403.0;50.0;563.0;36.0;1908.0;378;683.0;45.0;43.0;543;310.0;745.0;7.0;608.0
26;PE;2005;282.0;134;2616.0;451.0;3291.0;197.0;1088.0;2482;4048.0;226.0;414.0;3509;2243.0;4330.0;37.0;3517.0
27;AL;2005;74.0;36;696.0;69.0;766.0;36.0;251.0;660;1129.0;46.0;61.0;909;537.0;1203.0;8.0;812.0
28;SE;2005;28.0;11;249.0;73.0;323.0;12.0;885.0;238;459.0;22.0;69.0;318;185.0;487.0;4.0;345.0
29;BA;2005;211.0;90;1703.0;172.0;2216.0;114.0;50.0;1613;2669.0;164.0;150.0;2022;1319.0;2881.0;22.0;2380.0
31;MG;2005;377.0;160;2461.0;1142.0;2658.0;204.0;873.0;2301;3846.0;212.0;999.0;3099;2039.0;4223.0;143.0;2870.0
32;ES;2005;149.0;65;904.0;243.0;924.0;101.0;140.0;839;1453.0;90.0;213.0;1189;726.0;1602.0;30.0;1014.0
33;RJ;2005;507.0;201;4177.0;2443.0;4385.0;329.0;5427.0;3974;6885.0;273.0;2238.0;5978;3496.0;7408.0;204.0;4658.0
35;SP;2005;776.0;340;4719.0;5087.0;3474.0;367.0;454.0;4379;8091.0;260.0;4575.0;5796;3415.0;8870.0;512.0;3734.0
41;PR;2005;239.0;100;1658.0;2279.0;589.0;121.0;2895.0;1558;2738.0;50.0;2094.0;2027;1303.0;2977.0;185.0;639.0
42;SC;2005;68.0;27;322.0;476.0;88.0;33.0;319.0;295;564.0;6.0;422.0;392;231.0;633.0;54.0;94.0
43;RS;2005;209.0;77;1034.0;1601.0;385.0;114.0;359.0;957;1812.0;22.0;1415.0;1473;836.0;2021.0;186.0;407.0
50;MS;2005;70.0;30;308.0;268.0;316.0;26.0;3312.0;278;561.0;31.0;230.0;345;195.0;631.0;38.0;347.0
51;MT;2005;89.0;34;407.0;265.0;579.0;32.0;507.0;373;815.0;51.0;227.0;487;265.0;907.0;38.0;631.0
52;GO;2005;133.0;54;830.0;408.0;920.0;52.0;945.0;776;1334.0;83.0;361.0;937;619.0;1468.0;46.0;1003.0
43;RS;2006;162.0;56;980.0;1585.0;351.0;83.0;352.0;924;1821.0;30.0;1457.0;1425;787.0;1983.0;128.0;381.0
11;RO;2006;51.0;23;257.0;145.0;386.0;25.0;356.0;234;531.0;31.0;125.0;383;189.0;585.0;19.0;418.0
12;AC;2006;15.0;4;85.0;42.0;94.0;2.0;48.0;81;143.0;8.0;36.0;50;23.0;158.0;6.0;102.0
13;AM;2006;53.0;26;428.0;95.0;551.0;22.0;1223.0;402;646.0;33.0;77.0;379;237.0;699.0;18.0;584.0
14;RR;2006;13.0;5;46.0;43.0;64.0;3.0;1342.0;41;96.0;3.0;31.0;38;18.0;111.0;10.0;67.0
15;PA;2006;140.0;55;1185.0;160.0;1749.0;71.0;388.0;1130;1930.0;118.0;139.0;1295;771.0;2073.0;21.0;1867.0
16;AP;2006;13.0;3;128.0;14.0;176.0;0.0;35.0;125;189.0;10.0;11.0;75;49.0;202.0;3.0;186.0
17;TO;2006;22.0;8;121.0;38.0;171.0;6.0;402.0;113;207.0;18.0;34.0;85;50.0;229.0;4.0;189.0
21;MA;2006;67.0;30;527.0;143.0;753.0;24.0;285.0;497;902.0;58.0;135.0;479;256.0;969.0;8.0;811.0
22;PI;2006;32.0;19;240.0;51.0;329.0;11.0;5460.0;221;386.0;28.0;47.0;192;116.0;418.0;4.0;357.0
23;CE;2006;134.0;51;941.0;165.0;907.0;43.0;79.0;890;1658.0;65.0;148.0;1060;642.0;1792.0;17.0;972.0
24;RN;2006;42.0;15;234.0;81.0;291.0;21.0;2085.0;219;413.0;27.0;71.0;306;175.0;455.0;10.0;318.0
25;PB;2006;62.0;24;458.0;47.0;648.0;39.0;2269.0;434;762.0;49.0;38.0;628;373.0;825.0;9.0;697.0
26;PE;2006;310.0;137;2616.0;388.0;3632.0;197.0;1194.0;2479;4162.0;261.0;351.0;3592;2226.0;4472.0;37.0;3893.0
27;AL;2006;106.0;55;980.0;68.0;1012.0;64.0;357.0;925;1514.0;66.0;62.0;1308;823.0;1620.0;6.0;1078.0
28;SE;2006;40.0;18;334.0;85.0;384.0;15.0;913.0;316;545.0;22.0;76.0;403;243.0;585.0;9.0;406.0
29;BA;2006;243.0;123;1947.0;204.0;2624.0;131.0;75.0;1824;3065.0;197.0;183.0;2402;1561.0;3311.0;21.0;2821.0
31;MG;2006;392.0;186;2408.0;1242.0;2520.0;204.0;1244.0;2220;3783.0;238.0;1103.0;3075;1990.0;4177.0;138.0;2759.0
32;ES;2006;183.0;78;982.0;255.0;1008.0;100.0;181.0;904;1578.0;103.0;211.0;1294;787.0;1762.0;44.0;1111.0
33;RJ;2006;504.0;196;4076.0;2436.0;4339.0;319.0;5370.0;3880;6858.0;267.0;2217.0;5790;3347.0;7389.0;219.0;4611.0
35;SP;2006;788.0;346;4285.0;4846.0;3121.0;387.0;474.0;3939;7582.0;242.0;4315.0;5761;3285.0;8377.0;530.0;3364.0
41;PR;2006;249.0;118;1706.0;2531.0;474.0;140.0;2870.0;1588;2839.0;48.0;2326.0;2229;1361.0;3098.0;196.0;522.0
42;SC;2006;92.0;31;321.0;509.0;78.0;34.0;353.0;290;574.0;15.0;439.0;386;226.0;666.0;70.0;93.0
50;MS;2006;55.0;20;315.0;294.0;342.0;17.0;3395.0;295;627.0;24.0;265.0;370;215.0;683.0;29.0;366.0
51;MT;2006;70.0;33;427.0;241.0;605.0;22.0;589.0;394;825.0;42.0;212.0;497;282.0;896.0;28.0;647.0
52;GO;2006;143.0;59;825.0;381.0;985.0;69.0;1017.0;766;1364.0;91.0;332.0;984;602.0;1509.0;48.0;1076.0
53;DF;2006;49.0;25;399.0;79.0;537.0;33.0;455.0;374;611.0;39.0;70.0;435;305.0;660.0;9.0;576.0
52;GO;2007;139.0;60;849.0;392.0;970.0;73.0;1181.0;789;1382.0;82.0;341.0;1009;643.0;1521.0;51.0;1052.0
11;RO;2007;28.0;10;210.0;102.0;285.0;9.0;312.0;200;404.0;20.0;94.0;321;164.0;432.0;8.0;305.0
12;AC;2007;18.0;8;72.0;34.0;82.0;4.0;47.0;64;119.0;9.0;26.0;51;30.0;137.0;8.0;91.0
13;AM;2007;52.0;28;433.0;45.0;605.0;25.0;1327.0;405;663.0;43.0;38.0;415;265.0;715.0;7.0;648.0
14;RR;2007;19.0;3;47.0;28.0;75.0;2.0;1559.0;44;97.0;10.0;20.0;28;12.0;116.0;8.0;85.0
15;PA;2007;144.0;66;1263.0;190.0;1841.0;58.0;329.0;1197;2049.0;112.0;164.0;1385;859.0;2194.0;26.0;1953.0
16;AP;2007;12.0;7;114.0;21.0;132.0;5.0;26.0;107;160.0;8.0;17.0;60;40.0;172.0;4.0;140.0
17;TO;2007;28.0;11;94.0;31.0;164.0;8.0;488.0;83;196.0;26.0;29.0;88;33.0;226.0;2.0;191.0
21;MA;2007;63.0;31;623.0;157.0;911.0;23.0;415.0;592;1063.0;50.0;144.0;602;353.0;1127.0;13.0;962.0
22;PI;2007;35.0;12;186.0;59.0;285.0;15.0;4824.0;174;346.0;24.0;50.0;184;103.0;383.0;9.0;310.0
23;CE;2007;126.0;50;1066.0;213.0;1283.0;43.0;80.0;1016;1806.0;84.0;185.0;1224;758.0;1933.0;27.0;1367.0
24;RN;2007;42.0;20;314.0;95.0;399.0;23.0;2150.0;294;547.0;25.0;84.0;438;249.0;589.0;11.0;424.0
25;PB;2007;69.0;29;461.0;40.0;704.0;42.0;2565.0;432;793.0;55.0;32.0;656;372.0;864.0;8.0;759.0
26;PE;2007;290.0;139;2698.0;282.0;3790.0;192.0;1252.0;2558;4262.0;241.0;246.0;3706;2310.0;4557.0;36.0;4032.0
27;AL;2007;109.0;56;1102.0;76.0;1179.0;74.0;390.0;1046;1727.0;68.0;65.0;1552;959.0;1836.0;11.0;1247.0
28;SE;2007;34.0;12;294.0;75.0;350.0;19.0;936.0;282;488.0;21.0;66.0;348;211.0;522.0;9.0;371.0
29;BA;2007;249.0;124;2160.0;260.0;2909.0;133.0;55.0;2036;3408.0;207.0;233.0;2700;1770.0;3659.0;27.0;3116.0
31;MG;2007;403.0;176;2344.0;1161.0;2528.0;218.0;1478.0;2168;3722.0;248.0;1030.0;2983;1914.0;4125.0;131.0;2776.0
32;ES;2007;186.0;79;1008.0;277.0;1081.0;111.0;169.0;929;1691.0;116.0;245.0;1363;823.0;1877.0;32.0;1197.0
33;RJ;2007;416.0;167;3652.0;2071.0;3952.0;272.0;3859.0;3485;6121.0;216.0;1883.0;5102;2967.0;6551.0;187.0;4169.0
35;SP;2007;595.0;267;3135.0;3711.0;2417.0;291.0;507.0;2868;5834.0;185.0;3315.0;4150;2267.0;6437.0;396.0;2602.0
41;PR;2007;241.0;110;1760.0;2414.0;575.0;134.0;2765.0;1650;2860.0;41.0;2220.0;2285;1450.0;3105.0;193.0;617.0
42;SC;2007;70.0;34;328.0;510.0;88.0;21.0;371.0;292;560.0;6.0;450.0;377;233.0;632.0;60.0;94.0
53;DF;2007;55.0;22;431.0;107.0;550.0;28.0;579.0;409;656.0;41.0;94.0;516;352.0;711.0;13.0;591.0
43;RS;2007;193.0;81;1137.0;1735.0;411.0;100.0;356.0;1056;2003.0;29.0;1574.0;1661;939.0;2199.0;161.0;440.0
50;MS;2007;67.0;28;340.0;314.0;341.0;29.0;3511.0;312;641.0;28.0;274.0;401;222.0;710.0;39.0;369.0
51;MT;2007;95.0;34;368.0;271.0;561.0;35.0;613.0;334;794.0;54.0;230.0;542;248.0;889.0;41.0;615.0
26;PE;2008;298.0;135;2621.0;433.0;3641.0;166.0;1370.0;2482;4140.0;245.0;387.0;3449;2158.0;4446.0;45.0;3888.0
25;PB;2008;87.0;30;561.0;50.0;852.0;49.0;3620.0;531;942.0;76.0;42.0;750;447.0;1029.0;8.0;928.0
24;RN;2008;59.0;29;402.0;100.0;510.0;36.0;2366.0;373;655.0;48.0;93.0;536;326.0;714.0;7.0;558.0
23;CE;2008;117.0;42;1131.0;194.0;1303.0;48.0;88.0;1089;1902.0;74.0;176.0;1332;803.0;2019.0;18.0;1377.0
22;PI;2008;38.0;16;187.0;52.0;268.0;8.0;4108.0;171;323.0;31.0;46.0;159;90.0;361.0;6.0;299.0
21;MA;2008;81.0;37;714.0;156.0;1030.0;25.0;500.0;677;1196.0;67.0;144.0;698;408.0;1277.0;12.0;1097.0
17;TO;2008;21.0;11;122.0;41.0;177.0;10.0;541.0;111;216.0;17.0;37.0;98;55.0;237.0;4.0;194.0
16;AP;2008;13.0;4;141.0;6.0;183.0;3.0;27.0;137;196.0;13.0;6.0;65;46.0;210.0;0.0;196.0
15;PA;2008;169.0;82;1635.0;213.0;2445.0;89.0;357.0;1553;2687.0;139.0;186.0;1929;1160.0;2860.0;27.0;2585.0
14;RR;2008;15.0;3;38.0;28.0;69.0;2.0;1683.0;35;90.0;5.0;19.0;29;9.0;105.0;9.0;74.0
13;AM;2008;63.0;26;481.0;47.0;711.0;20.0;1837.0;455;767.0;56.0;40.0;446;287.0;830.0;7.0;767.0
12;AC;2008;13.0;5;76.0;23.0;69.0;0.0;40.0;71;120.0;5.0;18.0;40;27.0;133.0;5.0;74.0
11;RO;2008;39.0;15;210.0;136.0;298.0;17.0;269.0;195;440.0;20.0;120.0;286;136.0;480.0;16.0;319.0
53;DF;2008;64.0;35;492.0;105.0;644.0;38.0;673.0;457;748.0;57.0;98.0;579;390.0;812.0;7.0;701.0
52;GO;2008;160.0;57;971.0;413.0;1204.0;82.0;1284.0;914;1629.0;104.0;364.0;1201;739.0;1792.0;49.0;1309.0
51;MT;2008;86.0;38;428.0;238.0;630.0;36.0;701.0;390;851.0;57.0;211.0;572;291.0;937.0;27.0;687.0
50;MS;2008;60.0;27;345.0;312.0;339.0;22.0;3277.0;318;639.0;22.0;274.0;392;229.0;699.0;38.0;361.0
43;RS;2008;219.0;83;1199.0;1869.0;439.0;118.0;461.0;1116;2161.0;32.0;1685.0;1801;1011.0;2380.0;184.0;471.0
42;SC;2008;86.0;32;406.0;674.0;100.0;43.0;370.0;373;715.0;8.0;600.0;505;302.0;802.0;74.0;108.0
41;PR;2008;306.0;137;1914.0;2660.0;640.0;168.0;2580.0;1777;3132.0;55.0;2413.0;2540;1591.0;3445.0;244.0;695.0
35;SP;2008;667.0;242;2948.0;3715.0;2265.0;292.0;536.0;2706;5660.0;199.0;3263.0;3891;2027.0;6332.0;451.0;2464.0
33;RJ;2008;373.0;158;3092.0;1777.0;3365.0;219.0;3598.0;2934;5274.0;223.0;1644.0;4336;2442.0;5662.0;133.0;3593.0
32;ES;2008;190.0;89;1113.0;264.0;1123.0;124.0;151.0;1024;1756.0;129.0;234.0;1495;937.0;1947.0;30.0;1252.0
31;MG;2008;377.0;190;2204.0;1071.0;2407.0;174.0;1541.0;2014;3511.0;221.0;938.0;2755;1764.0;3889.0;133.0;2628.0
29;BA;2008;315.0;161;2994.0;345.0;3876.0;193.0;61.0;2833;4485.0;260.0;311.0;3828;2547.0;4819.0;34.0;4137.0
28;SE;2008;30.0;15;313.0;73.0;383.0;11.0;1117.0;298;525.0;21.0;65.0;368;235.0;555.0;8.0;404.0
27;AL;2008;83.0;41;1142.0;58.0;1465.0;55.0;426.0;1101;1804.0;71.0;55.0;1596;1018.0;1887.0;3.0;1536.0
35;SP;2009;660.0;248;2940.0;3799.0;2385.0;235.0;528.0;2692;5882.0;230.0;3382.0;3851;1974.0;6557.0;413.0;2618.0
41;PR;2009;331.0;158;2078.0;2972.0;619.0;199.0;2406.0;1920;3361.0;57.0;2698.0;2673;1672.0;3698.0;274.0;677.0
42;SC;2009;93.0;38;429.0;687.0;107.0;39.0;401.0;391;726.0;8.0;605.0;511;312.0;820.0;82.0;115.0
43;RS;2009;225.0;101;1081.0;1775.0;409.0;126.0;471.0;980;2017.0;36.0;1589.0;1645;858.0;2242.0;186.0;445.0
50;MS;2009;65.0;26;354.0;316.0;374.0;28.0;2931.0;328;660.0;25.0;276.0;429;244.0;725.0;40.0;399.0
51;MT;2009;94.0;44;469.0;247.0;682.0;44.0;951.0;425;905.0;55.0;209.0;573;309.0;1000.0;38.0;738.0
52;GO;2009;165.0;62;977.0;410.0;1327.0;76.0;1441.0;915;1733.0;117.0;365.0;1260;740.0;1902.0;45.0;1446.0
53;DF;2009;76.0;36;523.0;119.0;692.0;43.0;753.0;487;806.0;61.0;105.0;666;450.0;882.0;14.0;753.0
21;MA;2009;87.0;38;775.0;161.0;1143.0;32.0;590.0;737;1311.0;67.0;142.0;785;458.0;1398.0;19.0;1210.0
22;PI;2009;31.0;12;205.0;56.0;296.0;14.0;3805.0;193;354.0;22.0;49.0;184;117.0;385.0;7.0;318.0
23;CE;2009;138.0;64;1196.0;191.0;1280.0;68.0;116.0;1130;2025.0;80.0;166.0;1511;917.0;2165.0;25.0;1360.0
24;RN;2009;57.0;21;455.0;132.0;574.0;30.0;2470.0;434;743.0;38.0;115.0;620;379.0;800.0;17.0;612.0
11;RO;2009;51.0;23;231.0;142.0;338.0;28.0;325.0;208;486.0;35.0;127.0;353;172.0;538.0;15.0;373.0
12;AC;2009;16.0;6;78.0;16.0;97.0;2.0;59.0;72;137.0;6.0;10.0;61;33.0;153.0;6.0;103.0
13;AM;2009;67.0;21;540.0;44.0;786.0;28.0;1953.0;519;849.0;60.0;37.0;572;359.0;916.0;7.0;846.0
14;RR;2009;24.0;9;52.0;37.0;66.0;4.0;1519.0;43;94.0;12.0;26.0;27;13.0;118.0;11.0;78.0
15;PA;2009;180.0;82;1717.0;213.0;2558.0;84.0;435.0;1635;2802.0;152.0;189.0;2038;1242.0;2989.0;23.0;2711.0
16;AP;2009;12.0;4;108.0;11.0;158.0;3.0;23.0;104;178.0;10.0;9.0;69;43.0;190.0;2.0;168.0
17;TO;2009;31.0;15;135.0;55.0;208.0;12.0;623.0;120;258.0;23.0;47.0;128;64.0;289.0;8.0;231.0
25;PB;2009;98.0;50;710.0;51.0;1069.0;67.0;4136.0;660;1164.0;84.0;41.0;1019;608.0;1263.0;10.0;1153.0
26;PE;2009;304.0;145;2281.0;370.0;3208.0;186.0;1418.0;2136;3656.0;252.0;328.0;3117;1939.0;3963.0;42.0;3460.0
27;AL;2009;111.0;55;1115.0;48.0;1499.0;81.0;544.0;1060;1762.0;96.0;46.0;1560;969.0;1873.0;2.0;1595.0
28;SE;2009;36.0;13;324.0;74.0;454.0;16.0;1183.0;311;617.0;21.0;65.0;451;244.0;653.0;9.0;475.0
29;BA;2009;345.0;151;3427.0;333.0;4455.0;220.0;66.0;3276;5078.0;284.0;301.0;4361;2971.0;5432.0;32.0;4741.0
31;MG;2009;402.0;168;2062.0;1055.0;2261.0;197.0;1479.0;1894;3340.0;246.0;923.0;2603;1646.0;3742.0;132.0;2507.0
32;ES;2009;216.0;107;1164.0;251.0;1215.0;130.0;170.0;1057;1769.0;152.0;219.0;1548;974.0;1985.0;32.0;1367.0
33;RJ;2009;350.0;137;2841.0;1684.0;3237.0;199.0;3606.0;2704;5000.0;190.0;1538.0;4009;2205.0;5365.0;145.0;3430.0
33;RJ;2010;339.0;132;3020.0;1738.0;3484.0;191.0;3233.0;2888;5310.0;196.0;1610.0;4111;2261.0;5667.0;128.0;3684.0
53;DF;2010;66.0;32;452.0;100.0;630.0;42.0;785.0;420;720.0;50.0;85.0;576;379.0;786.0;15.0;680.0
52;GO;2010;182.0;85;1088.0;397.0;1403.0;80.0;1954.0;1003;1795.0;128.0;349.0;1317;803.0;1979.0;48.0;1533.0
51;MT;2010;80.0;28;462.0;243.0;667.0;27.0;1129.0;434;890.0;54.0;217.0;566;310.0;972.0;26.0;722.0
50;MS;2010;76.0;25;292.0;271.0;336.0;21.0;2497.0;267;579.0;38.0;238.0;344;186.0;656.0;33.0;374.0
43;RS;2010;227.0;92;983.0;1623.0;398.0;119.0;441.0;891;1856.0;38.0;1438.0;1496;787.0;2085.0;185.0;436.0
42;SC;2010;110.0;42;380.0;673.0;114.0;42.0;322.0;338;712.0;15.0;578.0;483;255.0;823.0;94.0;129.0
41;PR;2010;338.0;165;1970.0;2871.0;619.0;189.0;2259.0;1805;3248.0;51.0;2588.0;2630;1621.0;3586.0;283.0;670.0
11;RO;2010;37.0;10;226.0;142.0;364.0;17.0;333.0;216;508.0;23.0;131.0;351;162.0;546.0;11.0;388.0
12;AC;2010;19.0;7;74.0;28.0;83.0;7.0;56.0;67;146.0;13.0;25.0;63;34.0;165.0;3.0;96.0
13;AM;2010;65.0;32;634.0;76.0;920.0;28.0;2373.0;602;1017.0;60.0;71.0;635;405.0;1082.0;5.0;980.0
14;RR;2010;11.0;7;52.0;13.0;93.0;2.0;1376.0;45;110.0;9.0;11.0;29;12.0;121.0;2.0;102.0
15;PA;2010;231.0;115;1935.0;266.0;2998.0;126.0;434.0;1819;3286.0;197.0;236.0;2502;1469.0;3521.0;30.0;3198.0
16;AP;2010;16.0;4;168.0;28.0;191.0;5.0;27.0;164;244.0;14.0;26.0;103;72.0;260.0;2.0;205.0
17;TO;2010;34.0;18;178.0;41.0;250.0;9.0;534.0;160;293.0;30.0;38.0;131;68.0;327.0;3.0;280.0
21;MA;2010;117.0;52;837.0;151.0;1242.0;42.0;578.0;785;1402.0;99.0;133.0;827;480.0;1519.0;18.0;1341.0
22;PI;2010;40.0;11;195.0;55.0;299.0;16.0;3912.0;184;371.0;28.0;45.0;207;115.0;411.0;10.0;327.0
23;CE;2010;173.0;62;1494.0;299.0;1600.0;103.0;122.0;1432;2515.0;111.0;272.0;2057;1219.0;2688.0;27.0;1711.0
24;RN;2010;71.0;31;439.0;111.0;582.0;33.0;2441.0;408;739.0;51.0;98.0;611;349.0;810.0;13.0;633.0
25;PB;2010;119.0;52;834.0;56.0;1227.0;79.0;4201.0;782;1336.0;98.0;48.0;1208;733.0;1455.0;8.0;1325.0
26;PE;2010;247.0;119;1977.0;257.0;2803.0;152.0;1265.0;1858;3226.0;197.0;228.0;2649;1612.0;3473.0;29.0;3000.0
27;AL;2010;137.0;64;1287.0;48.0;1592.0;88.0;607.0;1223;1950.0;104.0;42.0;1721;1118.0;2087.0;6.0;1696.0
28;SE;2010;43.0;19;351.0;58.0;533.0;18.0;1237.0;332;633.0;36.0;52.0;452;264.0;676.0;6.0;569.0
29;BA;2010;438.0;214;3571.0;374.0;4781.0;235.0;98.0;3357;5398.0;361.0;332.0;4439;2938.0;5844.0;42.0;5145.0
31;MG;2010;409.0;184;1956.0;938.0;2256.0;197.0;1633.0;1772;3236.0;259.0;797.0;2456;1523.0;3646.0;141.0;2515.0
32;ES;2010;174.0;79;1036.0;265.0;1171.0;94.0;191.0;957;1618.0;128.0;231.0;1359;875.0;1792.0;34.0;1299.0
35;SP;2010;678.0;281;2671.0;3336.0;2219.0;232.0;538.0;2389;5355.0;223.0;2911.0;3469;1793.0;6039.0;424.0;2442.0
35;SP;2011;580.0;201;2505.0;3189.0;2293.0;192.0;568.0;2304;5257.0;179.0;2808.0;3262;1643.0;5842.0;380.0;2473.0
11;RO;2011;48.0;19;187.0;116.0;290.0;22.0;263.0;168;401.0;31.0;102.0;286;130.0;450.0;14.0;321.0
12;AC;2011;18.0;9;73.0;16.0;88.0;5.0;45.0;64;146.0;11.0;12.0;50;26.0;164.0;4.0;99.0
13;AM;2011;81.0;29;791.0;146.0;1065.0;32.0;1968.0;762;1210.0;66.0;131.0;879;590.0;1292.0;15.0;1131.0
14;RR;2011;10.0;4;39.0;15.0;65.0;0.0;1413.0;35;84.0;9.0;14.0;25;10.0;95.0;1.0;74.0
15;PA;2011;186.0;79;1758.0;245.0;2629.0;106.0;493.0;1679;2881.0;154.0;217.0;2077;1292.0;3073.0;27.0;2787.0
16;AP;2011;19.0;10;122.0;27.0;163.0;9.0;25.0;112;190.0;16.0;24.0;80;53.0;209.0;3.0;179.0
17;TO;2011;49.0;23;160.0;62.0;252.0;13.0;613.0;137;311.0;36.0;51.0;158;78.0;361.0;11.0;288.0
21;MA;2011;131.0;55;820.0;204.0;1255.0;51.0;744.0;765;1460.0;109.0;184.0;944;515.0;1591.0;20.0;1364.0
22;PI;2011;32.0;11;223.0;55.0;327.0;10.0;3228.0;212;408.0;28.0;51.0;251;147.0;440.0;4.0;355.0
23;CE;2011;189.0;83;1568.0;275.0;1541.0;119.0;145.0;1485;2603.0;106.0;251.0;2063;1257.0;2792.0;24.0;1647.0
24;RN;2011;76.0;37;596.0;151.0;757.0;44.0;2222.0;559;978.0;56.0;140.0;788;481.0;1054.0;11.0;813.0
25;PB;2011;140.0;68;915.0;83.0;1324.0;108.0;3913.0;847;1474.0;117.0;65.0;1379;820.0;1614.0;18.0;1441.0
26;PE;2011;261.0;116;1928.0;222.0;2790.0;143.0;1247.0;1810;3202.0;223.0;200.0;2541;1538.0;3471.0;21.0;3013.0
27;AL;2011;138.0;61;1321.0;74.0;1899.0;94.0;847.0;1260;2106.0;114.0;67.0;1913;1178.0;2244.0;7.0;2013.0
28;SE;2011;60.0;28;371.0;58.0;621.0;30.0;1446.0;343;671.0;50.0;49.0;523;292.0;731.0;9.0;671.0
29;BA;2011;449.0;204;3221.0;415.0;4402.0;250.0;71.0;3017;5089.0;375.0;374.0;4170;2636.0;5549.0;40.0;4780.0
31;MG;2011;457.0;192;2250.0;1226.0;2622.0;220.0;1819.0;2058;3804.0;283.0;1061.0;3000;1831.0;4262.0;165.0;2906.0
32;ES;2011;167.0;87;1005.0;241.0;1105.0;105.0;241.0;918;1505.0;104.0;201.0;1352;887.0;1672.0;40.0;1209.0
33;RJ;2011;366.0;145;2409.0;1448.0;2933.0;177.0;3068.0;2264;4403.0;223.0;1319.0;3411;1818.0;4781.0;127.0;3161.0
41;PR;2011;283.0;118;1786.0;2660.0;599.0;139.0;2779.0;1668;3086.0;55.0;2440.0;2365;1410.0;3376.0;220.0;654.0
42;SC;2011;74.0;34;389.0;675.0;123.0;33.0;333.0;355;737.0;5.0;607.0;483;273.0;811.0;68.0;128.0
43;RS;2011;202.0;92;1018.0;1605.0;427.0;114.0;450.0;926;1869.0;21.0;1424.0;1531;829.0;2077.0;180.0;448.0
50;MS;2011;78.0;33;307.0;252.0;376.0;35.0;2393.0;274;595.0;40.0;214.0;368;194.0;673.0;38.0;416.0
51;MT;2011;87.0;35;474.0;254.0;679.0;34.0;1271.0;439;920.0;60.0;227.0;602;320.0;1009.0;27.0;740.0
52;GO;2011;262.0;103;1201.0;459.0;1537.0;129.0;1944.0;1098;2005.0;182.0;392.0;1579;941.0;2272.0;67.0;1721.0
53;DF;2011;79.0;38;493.0;110.0;723.0;44.0;893.0;455;823.0;61.0;94.0;657;405.0;902.0;16.0;784.0
35;SP;2012;640.0;218;2875.0;3520.0;2627.0;205.0;604.0;2657;5920.0;257.0;3150.0;3848;1957.0;6566.0;370.0;2885.0
53;DF;2012;77.0;37;517.0;94.0;785.0;42.0;1111.0;480;875.0;63.0;83.0;725;432.0;954.0;11.0;849.0
52;GO;2012;247.0;124;1518.0;578.0;1963.0;133.0;2992.0;1394;2540.0;171.0;511.0;1955;1195.0;2793.0;67.0;2134.0
51;MT;2012;100.0;46;544.0;253.0;732.0;37.0;1135.0;498;972.0;62.0;218.0;641;375.0;1074.0;35.0;794.0
50;MS;2012;77.0;24;291.0;228.0;402.0;13.0;2358.0;267;606.0;45.0;196.0;337;175.0;683.0;32.0;447.0
43;RS;2012;247.0;108;1149.0;1819.0;475.0;135.0;454.0;1041;2135.0;39.0;1617.0;1737;918.0;2382.0;202.0;514.0
42;SC;2012;104.0;39;407.0;638.0;156.0;37.0;324.0;368;717.0;18.0;553.0;491;284.0;821.0;85.0;174.0
41;PR;2012;321.0;138;1870.0;2657.0;690.0;166.0;3012.0;1732;3162.0;68.0;2408.0;2433;1476.0;3489.0;248.0;758.0
11;RO;2012;51.0;23;230.0;137.0;338.0;26.0;312.0;207;475.0;36.0;124.0;338;164.0;526.0;13.0;374.0
12;AC;2012;16.0;6;101.0;18.0;157.0;4.0;81.0;95;192.0;14.0;17.0;85;45.0;208.0;1.0;171.0
13;AM;2012;118.0;48;732.0;150.0;1094.0;52.0;2013.0;684;1225.0;89.0;121.0;855;508.0;1344.0;28.0;1183.0
14;RR;2012;17.0;5;70.0;42.0;93.0;3.0;1602.0;65;126.0;7.0;31.0;32;17.0;144.0;10.0;100.0
15;PA;2012;232.0;114;1799.0;248.0;2738.0;119.0;618.0;1684;2993.0;202.0;221.0;2138;1310.0;3236.0;27.0;2942.0
16;AP;2012;17.0;8;164.0;21.0;200.0;6.0;29.0;156;236.0;15.0;19.0;117;81.0;253.0;2.0;215.0
17;TO;2012;49.0;17;182.0;59.0;266.0;18.0;682.0;165;330.0;40.0;50.0;178;97.0;379.0;9.0;306.0
21;MA;2012;114.0;42;952.0;188.0;1459.0;41.0;824.0;910;1662.0;96.0;172.0;1152;653.0;1777.0;16.0;1555.0
22;PI;2012;46.0;20;269.0;50.0;413.0;18.0;3281.0;249;479.0;40.0;45.0;311;181.0;525.0;5.0;453.0
23;CE;2012;219.0;94;2329.0;249.0;1811.0;142.0;160.0;2235;3621.0;110.0;223.0;3135;2031.0;3841.0;26.0;1921.0
24;RN;2012;64.0;24;649.0;191.0;819.0;32.0;2262.0;625;1060.0;42.0;175.0;856;542.0;1124.0;16.0;861.0
25;PB;2012;137.0;59;901.0;89.0;1176.0;89.0;4329.0;842;1388.0;119.0;81.0;1224;767.0;1525.0;8.0;1295.0
26;PE;2012;216.0;95;1815.0;182.0;2805.0;116.0;1229.0;1719;3106.0;185.0;161.0;2475;1448.0;3327.0;21.0;2991.0
27;AL;2012;133.0;65;1231.0;85.0;1789.0;100.0;803.0;1166;1913.0;116.0;73.0;1737;1099.0;2046.0;12.0;1905.0
28;SE;2012;62.0;23;474.0;74.0;748.0;30.0;1820.0;451;817.0;52.0;65.0;648;385.0;879.0;9.0;800.0
29;BA;2012;437.0;202;3662.0;437.0;4989.0;262.0;111.0;3460;5702.0;368.0;395.0;4594;2930.0;6148.0;42.0;5358.0
31;MG;2012;460.0;216;2512.0;1250.0;2896.0;216.0;1637.0;2296;4100.0;303.0;1102.0;3228;2031.0;4562.0;148.0;3200.0
32;ES;2012;163.0;82;969.0;192.0;1205.0;106.0;293.0;887;1504.0;137.0;175.0;1335;866.0;1667.0;17.0;1342.0
33;RJ;2012;365.0;129;2397.0;1367.0;2999.0;184.0;3639.0;2268;4386.0;223.0;1241.0;3472;1900.0;4772.0;125.0;3228.0
29;BA;2013;423.0;196;3338.0;372.0;4709.0;241.0;98.0;3142;5260.0;362.0;330.0;4287;2727.0;5694.0;42.0;5072.0
11;RO;2013;52.0;20;212.0;151.0;288.0;18.0;282.0;192;431.0;28.0;131.0;300;147.0;483.0;20.0;316.0
12;AC;2013;32.0;12;119.0;23.0;165.0;9.0;86.0;107;202.0;29.0;20.0;95;58.0;234.0;3.0;194.0
13;AM;2013;96.0;31;659.0;144.0;955.0;33.0;2099.0;628;1095.0;71.0;122.0;695;443.0;1191.0;22.0;1026.0
14;RR;2013;36.0;9;78.0;71.0;123.0;5.0;1602.0;69;178.0;14.0;50.0;70;31.0;214.0;21.0;137.0
15;PA;2013;231.0;93;1785.0;276.0;2830.0;121.0;701.0;1691;3157.0;190.0;240.0;2229;1253.0;3405.0;35.0;3025.0
16;AP;2013;19.0;8;147.0;27.0;162.0;6.0;65.0;139;206.0;15.0;25.0;104;69.0;225.0;2.0;177.0
17;TO;2013;40.0;23;149.0;67.0;235.0;12.0;554.0;126;307.0;31.0;60.0;146;65.0;349.0;7.0;267.0
21;MA;2013;131.0;57;1171.0;208.0;1788.0;58.0;1094.0;1114;2031.0;107.0;184.0;1397;790.0;2163.0;23.0;1895.0
22;PI;2013;47.0;20;329.0;68.0;451.0;22.0;3365.0;309;549.0;36.0;58.0;365;234.0;598.0;10.0;489.0
23;CE;2013;278.0;147;2705.0;266.0;2088.0;200.0;133.0;2558;4195.0;125.0;232.0;3655;2377.0;4473.0;34.0;2213.0
24;RN;2013;89.0;41;883.0;198.0;1064.0;54.0;1901.0;842;1357.0;59.0;178.0;1149;743.0;1447.0;20.0;1124.0
25;PB;2013;126.0;64;893.0;98.0;1187.0;84.0;4039.0;829;1424.0;104.0;86.0;1258;770.0;1551.0;12.0;1292.0
26;PE;2013;256.0;120;1709.0;223.0;2572.0;139.0;1176.0;1589;2867.0;224.0;196.0;2299;1357.0;3124.0;27.0;2796.0
27;AL;2013;142.0;62;1313.0;113.0;1845.0;103.0;662.0;1250;2005.0;117.0;94.0;1860;1177.0;2148.0;18.0;1962.0
28;SE;2013;56.0;26;520.0;84.0;829.0;30.0;1994.0;494;908.0;48.0;76.0;732;430.0;965.0;8.0;877.0
31;MG;2013;427.0;183;2595.0;1264.0;3076.0;205.0;1756.0;2411;4286.0;274.0;1118.0;3468;2180.0;4717.0;145.0;3350.0
32;ES;2013;171.0;80;985.0;237.0;1182.0;114.0;342.0;905;1451.0;129.0;201.0;1290;869.0;1622.0;36.0;1311.0
33;RJ;2013;387.0;139;2693.0;1443.0;3247.0;185.0;3260.0;2554;4687.0;236.0;1302.0;3555;2014.0;5111.0;137.0;3492.0
35;SP;2013;620.0;214;2552.0;3225.0;2459.0;174.0;711.0;2338;5403.0;215.0;2823.0;3440;1694.0;6035.0;401.0;2676.0
41;PR;2013;283.0;131;1538.0;2312.0;540.0;124.0;3262.0;1407;2653.0;59.0;2089.0;2025;1193.0;2936.0;223.0;599.0
42;SC;2013;102.0;43;369.0;659.0;101.0;36.0;294.0;326;686.0;16.0;577.0;442;233.0;789.0;82.0;117.0
43;RS;2013;210.0;83;1078.0;1787.0;454.0;112.0;405.0;995;2108.0;33.0;1614.0;1714;903.0;2322.0;173.0;487.0
50;MS;2013;75.0;22;265.0;226.0;360.0;24.0;2159.0;243;555.0;40.0;192.0;318;148.0;630.0;34.0;400.0
51;MT;2013;91.0;26;541.0;271.0;798.0;34.0;1174.0;515;1064.0;62.0;243.0;745;404.0;1158.0;28.0;860.0
52;GO;2013;271.0;114;1598.0;624.0;2076.0;141.0;3455.0;1484;2698.0;191.0;557.0;2138;1293.0;2975.0;66.0;2268.0
53;DF;2013;78.0;35;465.0;81.0;681.0;39.0;1338.0;430;759.0;66.0;69.0;593;382.0;837.0;12.0;747.0
15;PA;2014;249.0;116;1821.0;216.0;2912.0;132.0;848.0;1705;3189.0;221.0;194.0;2305;1331.0;3446.0;21.0;3135.0
33;RJ;2014;464.0;157;3027.0;1529.0;3666.0;215.0;3335.0;2869;5196.0;283.0;1364.0;3642;2045.0;5718.0;164.0;3954.0
32;ES;2014;140.0;69;958.0;243.0;1206.0;89.0;430.0;889;1469.0;110.0;218.0;1292;842.0;1609.0;25.0;1316.0
31;MG;2014;403.0;168;2573.0;1216.0;3153.0;171.0;1721.0;2405;4319.0;259.0;1075.0;3377;2126.0;4724.0;141.0;3412.0
29;BA;2014;385.0;148;3553.0;417.0;5095.0;216.0;144.0;3405;5659.0;323.0;367.0;4671;2965.0;6052.0;50.0;5419.0
28;SE;2014;74.0;27;623.0;88.0;938.0;50.0;1899.0;596;1023.0;65.0;79.0;898;552.0;1097.0;9.0;1003.0
27;AL;2014;125.0;67;1243.0;75.0;1829.0;85.0;729.0;1176;1960.0;118.0;71.0;1806;1117.0;2085.0;4.0;1947.0
26;PE;2014;239.0;113;1881.0;377.0;2704.0;138.0;1203.0;1768;3113.0;203.0;344.0;2543;1557.0;3358.0;33.0;2907.0
41;PR;2014;284.0;117;1473.0;2344.0;541.0;138.0;3204.0;1356;2694.0;63.0;2126.0;2071;1184.0;2980.0;218.0;604.0
42;SC;2014;111.0;41;402.0;728.0;138.0;39.0;337.0;361;794.0;21.0;640.0;499;254.0;905.0;88.0;159.0
43;RS;2014;250.0;76;1323.0;2056.0;577.0;129.0;460.0;1247;2474.0;51.0;1860.0;2055;1083.0;2724.0;196.0;628.0
50;MS;2014;85.0;39;322.0;258.0;388.0;20.0;2403.0;283;615.0;44.0;218.0;357;206.0;700.0;40.0;432.0
51;MT;2014;111.0;49;636.0;311.0;946.0;45.0;1171.0;587;1247.0;76.0;278.0;854;463.0;1358.0;33.0;1022.0
52;GO;2014;290.0;129;1568.0;651.0;1986.0;153.0;3595.0;1439;2591.0;212.0;574.0;2054;1299.0;2887.0;77.0;2198.0
53;DF;2014;60.0;26;453.0;118.0;664.0;30.0;1613.0;427;783.0;46.0;105.0;631;388.0;843.0;13.0;710.0
16;AP;2014;20.0;13;162.0;15.0;213.0;8.0;43.0;149;236.0;19.0;14.0;152;99.0;256.0;1.0;232.0
17;TO;2014;35.0;14;188.0;71.0;267.0;13.0;601.0;173;342.0;29.0;64.0;176;101.0;381.0;6.0;296.0
21;MA;2014;152.0;62;1311.0;236.0;2048.0;75.0;1246.0;1248;2307.0;129.0;215.0;1688;962.0;2462.0;21.0;2179.0
22;PI;2014;63.0;23;392.0;44.0;538.0;25.0;3415.0;369;654.0;51.0;40.0;455;284.0;717.0;4.0;589.0
23;CE;2014;285.0;135;2831.0;276.0;2362.0;200.0;162.0;2696;4341.0;145.0;251.0;3795;2484.0;4626.0;25.0;2507.0
24;RN;2014;102.0;48;1002.0;215.0;1233.0;68.0;1932.0;954;1500.0;71.0;194.0;1314;883.0;1602.0;21.0;1304.0
25;PB;2014;117.0;57;869.0;85.0;1244.0;81.0;4451.0;812;1433.0;98.0;72.0;1253;759.0;1551.0;13.0;1342.0
11;RO;2014;56.0;20;229.0;142.0;386.0;28.0;373.0;209;521.0;38.0;127.0;402;176.0;578.0;15.0;424.0
35;SP;2014;612.0;209;2751.0;3205.0;2612.0;199.0;809.0;2542;5561.0;227.0;2833.0;3541;1857.0;6185.0;371.0;2840.0
12;AC;2014;20.0;10;111.0;39.0;171.0;6.0;109.0;101;212.0;16.0;35.0;115;59.0;232.0;4.0;187.0
13;AM;2014;80.0;34;678.0;105.0;1038.0;33.0;2170.0;644;1159.0;64.0;92.0;762;451.0;1240.0;13.0;1102.0
14;RR;2014;24.0;5;56.0;61.0;83.0;4.0;1926.0;51;133.0;10.0;46.0;47;22.0;158.0;14.0;93.0
16;AP;2015;18.0;6;165.0;15.0;251.0;7.0;50.0;159;275.0;13.0;12.0;154;96.0;293.0;3.0;264.0
11;RO;2015;63.0;27;261.0;142.0;397.0;35.0;348.0;234;537.0;49.0;129.0;383;178.0;600.0;13.0;446.0
12;AC;2015;19.0;11;105.0;30.0;169.0;5.0;111.0;94;198.0;14.0;25.0;116;65.0;217.0;5.0;183.0
13;AM;2015;115.0;54;809.0;118.0;1242.0;44.0;2389.0;755;1357.0;96.0;100.0;930;549.0;1472.0;18.0;1338.0
14;RR;2015;29.0;8;77.0;53.0;138.0;7.0;2124.0;69;174.0;10.0;36.0;57;30.0;203.0;17.0;148.0
15;PA;2015;261.0;109;1936.0;222.0;3138.0;144.0;1055.0;1827;3401.0;236.0;202.0;2539;1462.0;3675.0;20.0;3375.0
17;TO;2015;48.0;16;243.0;100.0;342.0;13.0;465.0;227;454.0;39.0;92.0;276;152.0;503.0;8.0;381.0
21;MA;2015;148.0;56;1257.0;267.0;2003.0;67.0;1181.0;1200;2286.0;115.0;240.0;1718;968.0;2438.0;27.0;2118.0
22;PI;2015;67.0;28;328.0;60.0;487.0;33.0;2978.0;300;582.0;56.0;52.0;400;232.0;650.0;8.0;544.0
23;CE;2015;254.0;100;2450.0;231.0;2118.0;166.0;263.0;2350;3909.0;154.0;210.0;3393;2166.0;4163.0;21.0;2272.0
24;RN;2015;92.0;40;939.0;156.0;1207.0;57.0;1877.0;899;1453.0;76.0;147.0;1238;804.0;1545.0;9.0;1283.0
25;PB;2015;111.0;57;828.0;90.0;1222.0;73.0;4330.0;771;1406.0;84.0;76.0;1264;737.0;1522.0;14.0;1306.0
26;PE;2015;233.0;103;2143.0;402.0;3173.0;128.0;1014.0;2036;3606.0;198.0;370.0;3065;1823.0;3847.0;32.0;3373.0
27;AL;2015;95.0;40;1049.0;55.0;1566.0;61.0;886.0;1009;1653.0;90.0;54.0;1476;928.0;1748.0;1.0;1656.0
28;SE;2015;70.0;23;716.0;77.0;1157.0;53.0;2024.0;693;1233.0;64.0;72.0;1108;637.0;1303.0;5.0;1221.0
29;BA;2015;382.0;151;3559.0;375.0;5112.0;219.0;147.0;3408;5619.0;331.0;333.0;4555;2866.0;6012.0;42.0;5446.0
31;MG;2015;415.0;165;2378.0;1149.0;3033.0;204.0;1415.0;2213;4114.0;267.0;1009.0;3214;1972.0;4532.0;139.0;3300.0
32;ES;2015;141.0;55;830.0;187.0;1061.0;78.0;367.0;775;1308.0;107.0;163.0;1093;709.0;1450.0;24.0;1168.0
33;RJ;2015;387.0;134;2761.0;1390.0;3283.0;196.0;2919.0;2627;4651.0;233.0;1238.0;3182;1835.0;5067.0;150.0;3517.0
35;SP;2015;559.0;169;2333.0;2765.0;2336.0;175.0;718.0;2164;4860.0;201.0;2414.0;3097;1556.0;5427.0;349.0;2537.0
41;PR;2015;244.0;88;1471.0;2241.0;611.0;94.0;3010.0;1383;2691.0;49.0;2048.0;1972;1149.0;2936.0;193.0;660.0
42;SC;2015;97.0;35;442.0;741.0;185.0;34.0;297.0;407;860.0;18.0;662.0;570;308.0;957.0;79.0;203.0
43;RS;2015;284.0;100;1391.0;2247.0;601.0;158.0;536.0;1291;2660.0;55.0;2024.0;2282;1189.0;2944.0;223.0;656.0
50;MS;2015;58.0;23;264.0;225.0;367.0;19.0;2930.0;241;576.0;38.0;205.0;316;171.0;634.0;20.0;405.0
51;MT;2015;118.0;48;529.0;251.0;843.0;50.0;1190.0;481;1082.0;88.0;221.0;769;392.0;1203.0;30.0;931.0
52;GO;2015;255.0;102;1618.0;677.0;2087.0;134.0;3227.0;1516;2734.0;176.0;601.0;2161;1328.0;2997.0;76.0;2263.0
53;DF;2015;58.0;22;382.0;133.0;551.0;24.0;1649.0;360;682.0;45.0;120.0;489;310.0;742.0;13.0;598.0
21;MA;2016;159.0;55;1212.0;271.0;1963.0;84.0;1493.0;1157;2247.0;133.0;247.0;1625;873.0;2408.0;24.0;2097.0
22;PI;2016;50.0;17;367.0;48.0;563.0;22.0;3801.0;350;650.0;43.0;45.0;440;265.0;701.0;3.0;606.0
23;CE;2016;218.0;103;2102.0;209.0;2363.0;139.0;298.0;1999;3424.0;149.0;195.0;2908;1794.0;3642.0;14.0;2512.0
24;RN;2016;100.0;50;1129.0;204.0;1479.0;76.0;2020.0;1079;1754.0;74.0;185.0;1569;997.0;1854.0;19.0;1553.0
25;PB;2016;107.0;45;699.0;83.0;1099.0;62.0;5188.0;654;1248.0;88.0;68.0;1060;597.0;1355.0;15.0;1187.0
11;RO;2016;54.0;15;261.0;176.0;483.0;27.0;438.0;246;649.0;34.0;158.0;465;185.0;703.0;18.0;517.0
12;AC;2016;23.0;13;194.0;43.0;288.0;11.0;215.0;181;340.0;19.0;39.0;226;127.0;363.0;4.0;307.0
13;AM;2016;116.0;53;782.0;106.0;1231.0;43.0;2866.0;729;1335.0;93.0;84.0;791;480.0;1452.0;22.0;1324.0
14;RR;2016;25.0;9;92.0;47.0;145.0;7.0;2314.0;83;179.0;10.0;33.0;72;38.0;204.0;14.0;155.0
15;PA;2016;294.0;129;2266.0;257.0;3597.0;178.0;1220.0;2137;3921.0;274.0;243.0;3048;1776.0;4223.0;14.0;3871.0
16;AP;2016;17.0;5;233.0;13.0;347.0;7.0;65.0;228;364.0;15.0;11.0;222;153.0;381.0;2.0;362.0
17;TO;2016;45.0;18;281.0;97.0;426.0;14.0;485.0;263;532.0;30.0;87.0;312;182.0;577.0;10.0;456.0
29;BA;2016;441.0;193;4358.0;442.0;6132.0;261.0;215.0;4165;6728.0;379.0;392.0;5449;3509.0;7171.0;50.0;6512.0
28;SE;2016;60.0;22;869.0;78.0;1330.0;39.0;2012.0;847;1404.0;54.0;73.0;1259;789.0;1465.0;5.0;1384.0
27;AL;2016;101.0;41;1079.0;34.0;1665.0;72.0;748.0;1038;1718.0;91.0;28.0;1546;959.0;1820.0;6.0;1757.0
26;PE;2016;282.0;131;2512.0;529.0;3618.0;146.0;911.0;2381;4160.0;238.0;490.0;3475;2105.0;4447.0;39.0;3858.0
31;MG;2016;375.0;148;2513.0;1177.0;3099.0;169.0;1473.0;2365;4246.0;247.0;1054.0;3321;2047.0;4622.0;122.0;3346.0
32;ES;2016;104.0;37;707.0;144.0;943.0;57.0;417.0;670;1166.0;81.0;126.0;968;622.0;1270.0;18.0;1024.0
33;RJ;2016;428.0;134;3386.0;1530.0;4076.0;202.0;2562.0;3252;5569.0;276.0;1383.0;4019;2343.0;6053.0;142.0;4363.0
35;SP;2016;507.0;157;2017.0;2586.0;2017.0;156.0;713.0;1860;4358.0;200.0;2284.0;2720;1334.0;4870.0;302.0;2219.0
41;PR;2016;238.0;80;1574.0;2370.0;619.0;105.0;3151.0;1494;2841.0;44.0;2180.0;2125;1224.0;3080.0;190.0;663.0
42;SC;2016;107.0;38;475.0;734.0;213.0;50.0;301.0;437;877.0;27.0;654.0;611;344.0;984.0;80.0;240.0
43;RS;2016;308.0;121;1608.0;2413.0;707.0;190.0;561.0;1487;2913.0;50.0;2163.0;2507;1352.0;3225.0;250.0;757.0
50;MS;2016;80.0;26;274.0;245.0;369.0;25.0;3328.0;248;591.0;46.0;211.0;326;159.0;671.0;34.0;415.0
51;MT;2016;104.0;36;516.0;244.0;845.0;38.0;998.0;480;1074.0;77.0;218.0;752;386.0;1180.0;26.0;922.0
52;GO;2016;238.0;99;1675.0;638.0;2168.0;128.0;2769.0;1575;2789.0;180.0;582.0;2143;1346.0;3036.0;54.0;2349.0
53;DF;2016;64.0;30;409.0;132.0;569.0;31.0;1540.0;379;696.0;53.0;121.0;516;336.0;760.0;11.0;622.0
11;RO;2017;62.0;22;228.0;145.0;357.0;30.0;342.0;206;491.0;40.0;123.0;373;179.0;554.0;22.0;397.0
21;MA;2017;127.0;49;1112.0;181.0;1855.0;56.0;1804.0;1063;2051.0;113.0;169.0;1483;822.0;2180.0;12.0;1968.0
17;TO;2017;38.0;21;303.0;103.0;407.0;18.0;376.0;282;517.0;30.0;96.0;318;195.0;557.0;7.0;437.0
16;AP;2017;27.0;12;236.0;24.0;328.0;9.0;89.0;224;356.0;23.0;22.0;177;112.0;383.0;2.0;351.0
15;PA;2017;311.0;129;2451.0;329.0;3858.0;202.0;1049.0;2322;4255.0;286.0;308.0;3362;1939.0;4575.0;21.0;4144.0
14;RR;2017;27.0;13;100.0;61.0;169.0;4.0;2403.0;87;221.0;16.0;50.0;93;44.0;248.0;11.0;185.0
13;AM;2017;115.0;46;943.0;146.0;1418.0;51.0;3157.0;897;1559.0;98.0;130.0;975;605.0;1674.0;16.0;1516.0
12;AC;2017;34.0;16;297.0;77.0;404.0;17.0;366.0;281;481.0;24.0;68.0;384;236.0;516.0;9.0;428.0
23;CE;2017;374.0;202;3348.0;323.0;4580.0;282.0;299.0;3146;5059.0;325.0;291.0;4698;3030.0;5433.0;32.0;4905.0
24;RN;2017;148.0;87;1366.0;195.0;1798.0;122.0;1722.0;1279;2054.0;129.0;178.0;1927;1250.0;2203.0;17.0;1928.0
25;PB;2017;88.0;41;709.0;96.0;1151.0;51.0;5136.0;668;1253.0;76.0;85.0;1054;591.0;1341.0;11.0;1227.0
26;PE;2017;310.0;136;3167.0;630.0;4462.0;189.0;1137.0;3029;5104.0;257.0;580.0;4478;2756.0;5419.0;50.0;4720.0
27;AL;2017;111.0;43;1134.0;30.0;1636.0;77.0;924.0;1091;1702.0;104.0;29.0;1526;993.0;1813.0;1.0;1740.0
28;SE;2017;77.0;39;767.0;79.0;1168.0;57.0;1924.0;728;1236.0;64.0;67.0;1106;690.0;1313.0;12.0;1232.0
29;BA;2017;487.0;208;4522.0;484.0;6377.0;286.0;168.0;4313;6986.0;417.0;428.0;5427;3444.0;7487.0;55.0;6798.0
31;MG;2017;388.0;129;2217.0;1096.0;2885.0;146.0;1449.0;2088;3911.0;261.0;974.0;3067;1814.0;4299.0;122.0;3146.0
32;ES;2017;151.0;59;848.0;187.0;1098.0;89.0;351.0;789;1369.0;116.0;161.0;1227;771.0;1521.0;26.0;1214.0
33;RJ;2017;401.0;137;3576.0;1634.0;4378.0;219.0;2354.0;3439;5956.0;260.0;1497.0;4411;2560.0;6416.0;136.0;4650.0
35;SP;2017;495.0;157;1955.0;2415.0;2002.0;163.0;629.0;1798;4134.0;166.0;2094.0;2518;1233.0;4631.0;321.0;2168.0
41;PR;2017;247.0;98;1361.0;2045.0;647.0;110.0;2921.0;1263;2511.0;33.0;1838.0;1832;1021.0;2759.0;207.0;680.0
42;SC;2017;109.0;47;527.0;787.0;247.0;35.0;305.0;480;957.0;23.0;701.0;653;360.0;1066.0;86.0;270.0
22;PI;2017;52.0;20;313.0;55.0;509.0;25.0;4174.0;293;573.0;39.0;46.0;376;220.0;626.0;9.0;549.0
43;RS;2017;302.0;114;1639.0;2449.0;772.0;188.0;618.0;1525;3014.0;61.0;2211.0;2591;1405.0;3316.0;238.0;833.0
50;MS;2017;61.0;25;275.0;237.0;385.0;21.0;4287.0;250;597.0;33.0;209.0;327;158.0;659.0;28.0;418.0
51;MT;2017;92.0;31;463.0;244.0;780.0;40.0;1003.0;432;1010.0;70.0;222.0;669;332.0;1102.0;22.0;850.0
52;GO;2017;256.0;110;1601.0;561.0;2094.0;129.0;4416.0;1491;2638.0;190.0;501.0;2057;1286.0;2901.0;59.0;2284.0
53;DF;2017;46.0;17;325.0;121.0;452.0;25.0;1425.0;308;564.0;34.0;109.0;401;256.0;610.0;12.0;486.0
17;TO;2018;47.0;18;296.0;90.0;430.0;19.0;308.0;278;520.0;36.0;81.0;321;191.0;570.0;9.0;466.0
11;RO;2018;42.0;16;184.0;118.0;323.0;20.0;279.0;168;432.0;28.0;103.0;300;138.0;476.0;14.0;351.0
12;AC;2018;35.0;13;235.0;49.0;322.0;22.0;289.0;222;374.0;28.0;43.0;311;189.0;409.0;6.0;350.0
13;AM;2018;127.0;64;859.0;121.0;1300.0;51.0;3231.0;795;1415.0;110.0;106.0;961;599.0;1542.0;15.0;1410.0
14;RR;2018;53.0;17;224.0;103.0;282.0;9.0;1927.0;207;360.0;26.0;76.0;181;124.0;414.0;26.0;308.0
15;PA;2018;323.0;132;2418.0;301.0;3827.0;197.0;934.0;2285;4185.0;282.0;269.0;3439;2004.0;4528.0;32.0;4113.0
16;AP;2018;15.0;6;279.0;26.0;377.0;9.0;171.0;273;411.0;12.0;24.0;241;162.0;426.0;2.0;389.0
21;MA;2018;122.0;41;976.0;181.0;1656.0;50.0;1561.0;935;1856.0;109.0;170.0;1284;698.0;1982.0;11.0;1767.0
22;PI;2018;52.0;21;310.0;46.0;488.0;14.0;4056.0;289;565.0;43.0;41.0;373;213.0;619.0;5.0;531.0
23;CE;2018;475.0;251;2812.0;388.0;4051.0;379.0;302.0;2561;4425.0;426.0;341.0;4204;2532.0;4900.0;47.0;4477.0
24;RN;2018;102.0;43;1067.0;207.0;1509.0;78.0;1431.0;1024;1723.0;85.0;193.0;1639;1007.0;1825.0;14.0;1594.0
25;PB;2018;82.0;34;652.0;65.0;1085.0;56.0;4714.0;618;1161.0;71.0;55.0;1006;557.0;1244.0;10.0;1156.0
26;PE;2018;240.0;101;2269.0;555.0;3387.0;137.0;836.0;2168;3942.0;189.0;509.0;3369;1979.0;4190.0;46.0;3578.0
27;AL;2018;67.0;25;843.0;25.0;1120.0;44.0;910.0;818;1374.0;55.0;22.0;1179;727.0;1441.0;3.0;1175.0
28;SE;2018;40.0;10;663.0;54.0;1045.0;25.0;1741.0;653;1093.0;34.0;48.0;959;603.0;1133.0;6.0;1079.0
29;BA;2018;427.0;185;4141.0;430.0;5717.0;257.0;232.0;3956;6351.0;369.0;386.0;4977;3163.0;6787.0;44.0;6089.0
31;MG;2018;349.0;129;1626.0;833.0;2265.0;137.0;1135.0;1497;3022.0;241.0;728.0;2237;1303.0;3372.0;105.0;2506.0
32;ES;2018;100.0;41;618.0;131.0;887.0;55.0;358.0;577;1063.0;76.0;111.0;891;548.0;1165.0;20.0;964.0
33;RJ;2018;380.0;150;3724.0;1619.0;4448.0;198.0;1891.0;3574;6013.0;242.0;1488.0;4261;2513.0;6455.0;130.0;4705.0
35;SP;2018;454.0;139;1461.0;1909.0;1571.0;116.0;535.0;1322;3269.0;176.0;1642.0;2009;959.0;3727.0;267.0;1747.0
41;PR;2018;211.0;76;1155.0;1747.0;607.0;89.0;2100.0;1079;2232.0;63.0;1601.0;1520;813.0;2443.0;146.0;670.0
42;SC;2018;91.0;37;393.0;665.0;157.0;32.0;222.0;356;751.0;17.0;591.0;444;249.0;843.0;74.0;174.0
43;RS;2018;256.0;102;1291.0;1987.0;619.0;147.0;411.0;1189;2441.0;54.0;1786.0;2075;1094.0;2699.0;201.0;673.0
50;MS;2018;66.0;25;239.0;210.0;320.0;21.0;3227.0;214;506.0;38.0;182.0;243;119.0;572.0;28.0;358.0
51;MT;2018;88.0;30;425.0;209.0;695.0;31.0;949.0;395;901.0;71.0;193.0;566;295.0;989.0;16.0;766.0
52;GO;2018;220.0;88;1442.0;545.0;1929.0;117.0;3825.0;1354;2448.0;154.0;482.0;1860;1168.0;2675.0;63.0;2086.0
53;DF;2018;55.0;13;271.0;115.0;372.0;20.0;1233.0;257;473.0;35.0;97.0;329;210.0;530.0;18.0;408.0
53;DF;2019;55.0;18;244.0;101.0;339.0;20.0;1028.0;226;425.0;36.0;83.0;257;169.0;480.0;18.0;375.0
11;RO;2019;43.0;14;154.0;114.0;295.0;13.0;250.0;140;401.0;31.0;103.0;264;102.0;447.0;11.0;327.0
12;AC;2019;32.0;11;174.0;35.0;252.0;17.0;205.0;163;290.0;25.0;30.0;222;123.0;325.0;5.0;277.0
13;AM;2019;118.0;56;917.0;197.0;1284.0;49.0;2200.0;861;1472.0;93.0;172.0;981;628.0;1592.0;25.0;1377.0
14;RR;2019;33.0;11;99.0;62.0;148.0;6.0;1468.0;88;201.0;19.0;48.0;83;46.0;234.0;14.0;167.0
15;PA;2019;232.0;100;1791.0;222.0;2887.0;135.0;743.0;1690;3155.0;204.0;201.0;2342;1359.0;3405.0;21.0;3093.0
16;AP;2019;19.0;9;251.0;9.0;330.0;10.0;77.0;242;342.0;17.0;8.0;228;167.0;361.0;1.0;347.0
17;TO;2019;36.0;13;224.0;76.0;337.0;16.0;237.0;211;420.0;32.0;73.0;250;150.0;456.0;3.0;369.0
21;MA;2019;114.0;47;801.0;186.0;1402.0;44.0;1106.0;753;1584.0;93.0;165.0;1074;567.0;1704.0;19.0;1498.0
22;PI;2019;47.0;17;243.0;54.0;454.0;17.0;2210.0;226;520.0;35.0;43.0;350;183.0;569.0;11.0;489.0
23;CE;2019;221.0;106;1285.0;170.0;2036.0;159.0;234.0;1179;2196.0;199.0;149.0;1900;1108.0;2417.0;21.0;2235.0
24;RN;2019;98.0;41;760.0;127.0;1110.0;75.0;1104.0;719;1248.0;84.0;116.0;1181;700.0;1346.0;11.0;1194.0
25;PB;2019;72.0;21;441.0;56.0;800.0;39.0;4343.0;420;880.0;53.0;45.0;722;371.0;953.0;11.0;853.0
26;PE;2019;204.0;91;1882.0;522.0;2749.0;127.0;739.0;1791;3265.0;158.0;477.0;2713;1597.0;3474.0;45.0;2908.0
27;AL;2019;90.0;39;620.0;9.0;993.0;47.0;930.0;581;1025.0;89.0;9.0;833;507.0;1115.0;0.0;1082.0
28;SE;2019;53.0;19;556.0;39.0;884.0;28.0;1390.0;537;920.0;50.0;36.0;771;477.0;973.0;3.0;934.0
29;BA;2019;396.0;183;3599.0;333.0;5264.0;250.0;218.0;3416;5717.0;358.0;303.0;4596;2880.0;6118.0;30.0;5622.0
31;MG;2019;295.0;97;1349.0;734.0;1938.0;120.0;786.0;1252;2598.0;207.0;648.0;1878;1083.0;2893.0;86.0;2145.0
32;ES;2019;97.0;31;569.0;103.0;802.0;42.0;331.0;538;946.0;73.0;90.0;781;501.0;1043.0;13.0;875.0
33;RJ;2019;217.0;77;2013.0;937.0;2435.0;107.0;1624.0;1936;3316.0;131.0;851.0;2321;1381.0;3552.0;86.0;2568.0
35;SP;2019;405.0;122;1316.0;1626.0;1535.0;118.0;457.0;1194;2954.0;149.0;1377.0;1742;854.0;3361.0;249.0;1684.0
41;PR;2019;204.0;68;960.0;1477.0;542.0;86.0;1758.0;892;1891.0;57.0;1332.0;1190;592.0;2095.0;145.0;599.0
42;SC;2019;114.0;46;338.0;574.0;163.0;46.0;202.0;292;653.0;26.0;488.0;381;203.0;767.0;86.0;189.0
43;RS;2019;236.0;87;996.0;1623.0;463.0;132.0;335.0;909;1946.0;52.0;1446.0;1602;823.0;2184.0;177.0;515.0
50;MS;2019;61.0;17;191.0;181.0;280.0;14.0;2584.0;174;430.0;26.0;146.0;216;98.0;491.0;35.0;306.0
51;MT;2019;84.0;30;366.0;185.0;639.0;33.0;682.0;336;808.0;56.0;157.0;490;247.0;895.0;27.0;696.0
52;GO;2019;161.0;57;1188.0;465.0;1627.0;67.0;1741.0;1131;2089.0;115.0;422.0;1457;881.0;2253.0;43.0;1742.0
12;AC;2020;27.0;15;164.0;38.0;232.0;16.0;211.0;149;273.0;21.0;32.0;228;134.0;304.0;6.0;253.0
50;MS;2020;71.0;26;177.0;173.0;278.0;25.0;2943.0;151;420.0;38.0;141.0;207;90.0;491.0;32.0;316.0
51;MT;2020;105.0;35;430.0;207.0;689.0;40.0;863.0;395;878.0;79.0;182.0;584;309.0;987.0;25.0;770.0
52;GO;2020;134.0;55;1190.0;440.0;1594.0;54.0;3189.0;1135;2040.0;93.0;404.0;1391;876.0;2177.0;36.0;1687.0
53;DF;2020;35.0;12;219.0;122.0;306.0;16.0;1379.0;207;418.0;20.0;107.0;248;144.0;453.0;15.0;326.0
43;RS;2020;214.0;73;932.0;1541.0;474.0;122.0;341.0;859;1876.0;49.0;1377.0;1545;768.0;2094.0;162.0;523.0
42;SC;2020;86.0;31;316.0;539.0;168.0;31.0;182.0;285;646.0;18.0;472.0;372;190.0;732.0;67.0;186.0
41;PR;2020;197.0;77;1062.0;1517.0;692.0;93.0;1603.0;985;2083.0;52.0;1372.0;1411;706.0;2281.0;145.0;744.0
35;SP;2020;397.0;127;1258.0;1701.0;1505.0;108.0;544.0;1131;2998.0;146.0;1453.0;1785;822.0;3396.0;248.0;1651.0
33;RJ;2020;285.0;104;2554.0;1145.0;3387.0;123.0;1677.0;2449;4483.0;196.0;1056.0;2740;1553.0;4831.0;85.0;3606.0
32;ES;2020;101.0;50;668.0;139.0;865.0;58.0;411.0;618;1122.0;78.0;122.0;930;578.0;1229.0;16.0;943.0
31;MG;2020;270.0;86;1287.0;762.0;1789.0;99.0;827.0;1201;2473.0;166.0;660.0;1702;980.0;2743.0;102.0;1955.0
29;BA;2020;444.0;218;4250.0;403.0;6124.0;279.0;210.0;4032;6627.0;387.0;360.0;5088;3200.0;7076.0;43.0;6511.0
28;SE;2020;43.0;18;562.0;50.0;891.0;26.0;1337.0;544;938.0;37.0;44.0;821;511.0;981.0;6.0;928.0
27;AL;2020;89.0;39;760.0;10.0;1165.0;42.0;743.0;721;1203.0;88.0;10.0;869;546.0;1292.0;0.0;1253.0
26;PE;2020;223.0;101;2059.0;537.0;3040.0;134.0;869.0;1957;3558.0;181.0;497.0;3079;1795.0;3786.0;40.0;3221.0
25;PB;2020;94.0;40;527.0;83.0;929.0;56.0;4808.0;487;1047.0;75.0;67.0;919;457.0;1141.0;16.0;1004.0
24;RN;2020;81.0;39;797.0;123.0;1169.0;65.0;1318.0;758;1324.0;66.0;110.0;1222;724.0;1406.0;13.0;1236.0
23;CE;2020;319.0;155;2344.0;222.0;3457.0;253.0;262.0;2189;3672.0;295.0;201.0;3443;2123.0;3992.0;21.0;3752.0
22;PI;2020;54.0;21;333.0;76.0;521.0;23.0;2606.0;312;615.0;41.0;66.0;437;254.0;674.0;10.0;562.0
21;MA;2020;140.0;53;1013.0;217.0;1736.0;67.0;1157.0;960;1961.0;123.0;201.0;1447;786.0;2103.0;16.0;1860.0
17;TO;2020;35.0;15;246.0;76.0;370.0;16.0;232.0;231;448.0;29.0;70.0;278;164.0;484.0;6.0;399.0
16;AP;2020;22.0;10;244.0;18.0;345.0;12.0;95.0;234;365.0;21.0;17.0;222;147.0;387.0;1.0;366.0
15;PA;2020;193.0;84;1454.0;199.0;2381.0;99.0;795.0;1369;2605.0;166.0;176.0;1886;1101.0;2809.0;23.0;2547.0
14;RR;2020;35.0;10;102.0;68.0;150.0;7.0;1420.0;92;199.0;15.0;48.0;102;56.0;237.0;18.0;166.0
13;AM;2020;85.0;45;725.0;143.0;1093.0;39.0;1782.0;680;1241.0;66.0;125.0;782;485.0;1326.0;18.0;1159.0
11;RO;2020;54.0;15;141.0;101.0;311.0;17.0;239.0;126;402.0;39.0;89.0;256;94.0;456.0;12.0;350.0
11;RO;2021;54.0;16;206.0;135.0;359.0;27.0;320.0;190;482.0;36.0;117.0;347;154.0;536.0;18.0;395.0
50;MS;2021;66.0;15;208.0;160.0;346.0;35.0;2646.0;193;484.0;42.0;135.0;273;124.0;551.0;24.0;388.0
43;RS;2021;230.0;68;771.0;1406.0;411.0;118.0;342.0;703;1656.0;45.0;1223.0;1379;639.0;1889.0;182.0;456.0
42;SC;2021;92.0;25;290.0;530.0;161.0;33.0;238.0;265;620.0;11.0;451.0;375;180.0;712.0;79.0;172.0
41;PR;2021;197.0;83;1131.0;1408.0;848.0;82.0;1508.0;1048;2149.0;73.0;1286.0;1373;730.0;2348.0;122.0;921.0
35;SP;2021;342.0;86;1093.0;1537.0;1373.0;92.0;498.0;1007;2742.0;131.0;1328.0;1648;741.0;3094.0;209.0;1505.0
33;RJ;2021;284.0;95;2622.0;1144.0;3312.0;112.0;1556.0;2527;4381.0;179.0;1038.0;2999;1726.0;4693.0;105.0;3500.0
32;ES;2021;125.0;30;567.0;151.0;874.0;62.0;519.0;536;1127.0;88.0;126.0;892;496.0;1253.0;25.0;963.0
31;MG;2021;249.0;74;1125.0;699.0;1688.0;86.0;707.0;1051;2327.0;159.0;611.0;1594;858.0;2577.0;88.0;1847.0
29;BA;2021;463.0;203;4284.0;402.0;6302.0;292.0;303.0;4081;6740.0;401.0;351.0;5294;3267.0;7206.0;51.0;6703.0
28;SE;2021;37.0;14;435.0;47.0;707.0;21.0;960.0;420;751.0;34.0;44.0;662;394.0;790.0;3.0;742.0
27;AL;2021;65.0;24;628.0;12.0;979.0;29.0;1198.0;604;1005.0;65.0;12.0;736;474.0;1070.0;0.0;1044.0
26;PE;2021;245.0;107;1752.0;561.0;2641.0;153.0;829.0;1644;3191.0;195.0;515.0;2801;1539.0;3439.0;45.0;2836.0
25;PB;2021;83.0;32;554.0;91.0;927.0;43.0;5001.0;522;1061.0;63.0;76.0;930;491.0;1144.0;15.0;990.0
24;RN;2021;70.0;28;600.0;106.0;996.0;48.0;1290.0;572;1109.0;59.0;96.0;1023;545.0;1179.0;10.0;1055.0
23;CE;2021;336.0;170;1949.0;251.0;2906.0;264.0;239.0;1779;3135.0;299.0;215.0;2973;1768.0;3471.0;36.0;3205.0
22;PI;2021;68.0;28;371.0;79.0;611.0;38.0;2881.0;343;695.0;53.0;66.0;558;312.0;766.0;13.0;664.0
21;MA;2021;131.0;47;943.0;215.0;1644.0;71.0;975.0;896;1868.0;110.0;197.0;1447;736.0;1999.0;18.0;1754.0
17;TO;2021;39.0;12;211.0;70.0;333.0;14.0;178.0;199;401.0;22.0;57.0;253;135.0;441.0;13.0;355.0
16;AP;2021;19.0;8;313.0;10.0;428.0;11.0;98.0;305;443.0;18.0;10.0;314;217.0;462.0;0.0;446.0
15;PA;2021;208.0;87;1453.0;169.0;2425.0;100.0;641.0;1366;2627.0;185.0;152.0;1939;1106.0;2847.0;17.0;2611.0
14;RR;2021;20.0;11;116.0;64.0;181.0;7.0;1260.0;105;238.0;12.0;56.0;105;58.0;258.0;8.0;193.0
13;AM;2021;135.0;60;1051.0;161.0;1505.0;73.0;1833.0;991;1679.0;111.0;137.0;1272;813.0;1816.0;24.0;1616.0
12;AC;2021;28.0;10;94.0;20.0;158.0;6.0;112.0;84;176.0;26.0;18.0;118;67.0;205.0;2.0;184.0
52;GO;2021;145.0;48;909.0;380.0;1304.0;51.0;2709.0;860;1664.0;95.0;333.0;1012;604.0;1812.0;47.0;1401.0
51;MT;2021;81.0;25;373.0;210.0;610.0;30.0;887.0;348;806.0;62.0;191.0;529;261.0;888.0;19.0;672.0
53;DF;2021;46.0;8;168.0;87.0;277.0;15.0;1376.0;160;355.0;27.0;69.0;193;112.0;401.0;18.0;304.0
52;GO;1979;;18;;;;;;125;;;;163;;;;
51;MT;1979;;0;;;;;;4;;;;2;;;;
50;MS;1979;;6;;;;;;52;;;;62;;;;
43;RS;1979;;20;;;;;;226;;;;193;;;;
42;SC;1979;;5;;;;;;70;;;;79;;;;
41;PR;1979;;38;;;;;;276;;;;379;;;;
35;SP;1979;;135;;;;;;1061;;;;570;;;;
33;RJ;1979;;69;;;;;;1203;;;;1726;;;;
32;ES;1979;;11;;;;;;93;;;;82;;;;
31;MG;1979;;73;;;;;;404;;;;435;;;;
29;BA;1979;;17;;;;;;114;;;;116;;;;
28;SE;1979;;4;;;;;;21;;;;22;;;;
27;AL;1979;;6;;;;;;104;;;;131;;;;
26;PE;1979;;41;;;;;;346;;;;297;;;;
25;PB;1979;;12;;;;;;74;;;;71;;;;
24;RN;1979;;6;;;;;;40;;;;46;;;;
23;CE;1979;;17;;;;;;128;;;;85;;;;
22;PI;1979;;4;;;;;;12;;;;7;;;;
21;MA;1979;;5;;;;;;30;;;;34;;;;
17;TO;1979;;0;;;;;;0;;;;0;;;;
16;AP;1979;;1;;;;;;7;;;;5;;;;
15;PA;1979;;19;;;;;;127;;;;117;;;;
14;RR;1979;;1;;;;;;2;;;;2;;;;
13;AM;1979;;4;;;;;;80;;;;55;;;;
12;AC;1979;;0;;;;;;14;;;;13;;;;
11;RO;1979;;3;;;;;;35;;;;50;;;;
53;DF;1979;;4;;;;;;49;;;;28;;;;
35;SP;1980;;171;;;;;;1678;;;;699;;;;
11;RO;1980;;4;;;;;;39;;;;67;;;;
12;AC;1980;;2;;;;;;14;;;;12;;;;
13;AM;1980;;9;;;;;;64;;;;46;;;;
14;RR;1980;;2;;;;;;3;;;;0;;;;
15;PA;1980;;19;;;;;;143;;;;169;;;;
16;AP;1980;;0;;;;;;6;;;;2;;;;
17;TO;1980;;0;;;;;;0;;;;0;;;;
21;MA;1980;;7;;;;;;34;;;;29;;;;
22;PI;1980;;3;;;;;;25;;;;6;;;;
23;CE;1980;;11;;;;;;181;;;;159;;;;
24;RN;1980;;5;;;;;;75;;;;77;;;;
25;PB;1980;;13;;;;;;106;;;;127;;;;
26;PE;1980;;55;;;;;;446;;;;613;;;;
27;AL;1980;;19;;;;;;112;;;;148;;;;
28;SE;1980;;6;;;;;;26;;;;30;;;;
29;BA;1980;;18;;;;;;112;;;;139;;;;
31;MG;1980;;51;;;;;;444;;;;466;;;;
32;ES;1980;;16;;;;;;113;;;;122;;;;
33;RJ;1980;;104;;;;;;1531;;;;2093;;;;
41;PR;1980;;35;;;;;;291;;;;367;;;;
42;SC;1980;;11;;;;;;103;;;;119;;;;
43;RS;1980;;23;;;;;;268;;;;227;;;;
50;MS;1980;;10;;;;;;77;;;;118;;;;
51;MT;1980;;1;;;;;;12;;;;22;;;;
52;GO;1980;;28;;;;;;155;;;;226;;;;
53;DF;1980;;7;;;;;;67;;;;21;;;;
53;DF;1981;;11;;;;;;71;;;;81;;;;
22;PI;1981;;3;;;;;;25;;;;23;;;;
23;CE;1981;;23;;;;;;194;;;;187;;;;
24;RN;1981;;10;;;;;;67;;;;80;;;;
25;PB;1981;;13;;;;;;114;;;;133;;;;
26;PE;1981;;69;;;;;;567;;;;758;;;;
27;AL;1981;;27;;;;;;121;;;;190;;;;
28;SE;1981;;3;;;;;;32;;;;36;;;;
29;BA;1981;;15;;;;;;113;;;;124;;;;
31;MG;1981;;72;;;;;;410;;;;374;;;;
32;ES;1981;;28;;;;;;149;;;;130;;;;
33;RJ;1981;;79;;;;;;1247;;;;1774;;;;
35;SP;1981;;176;;;;;;2166;;;;958;;;;
41;PR;1981;;37;;;;;;323;;;;451;;;;
42;SC;1981;;10;;;;;;103;;;;105;;;;
43;RS;1981;;29;;;;;;298;;;;237;;;;
50;MS;1981;;14;;;;;;81;;;;147;;;;
51;MT;1981;;7;;;;;;33;;;;38;;;;
52;GO;1981;;28;;;;;;211;;;;268;;;;
12;AC;1981;;1;;;;;;13;;;;8;;;;
13;AM;1981;;7;;;;;;73;;;;52;;;;
14;RR;1981;;3;;;;;;8;;;;2;;;;
15;PA;1981;;25;;;;;;144;;;;171;;;;
11;RO;1981;;7;;;;;;39;;;;67;;;;
16;AP;1981;;2;;;;;;9;;;;4;;;;
17;TO;1981;;0;;;;;;0;;;;0;;;;
21;MA;1981;;6;;;;;;58;;;;54;;;;
26;PE;1982;;49;;;;;;601;;;;788;;;;
53;DF;1982;;6;;;;;;98;;;;101;;;;
52;GO;1982;;29;;;;;;211;;;;226;;;;
51;MT;1982;;2;;;;;;17;;;;24;;;;
50;MS;1982;;12;;;;;;93;;;;154;;;;
43;RS;1982;;30;;;;;;305;;;;256;;;;
42;SC;1982;;14;;;;;;83;;;;86;;;;
41;PR;1982;;50;;;;;;404;;;;488;;;;
35;SP;1982;;177;;;;;;2076;;;;926;;;;
33;RJ;1982;;70;;;;;;1088;;;;1575;;;;
32;ES;1982;;12;;;;;;138;;;;114;;;;
31;MG;1982;;61;;;;;;395;;;;346;;;;
29;BA;1982;;36;;;;;;164;;;;211;;;;
28;SE;1982;;6;;;;;;35;;;;34;;;;
27;AL;1982;;15;;;;;;152;;;;185;;;;
25;PB;1982;;16;;;;;;100;;;;112;;;;
24;RN;1982;;5;;;;;;85;;;;108;;;;
23;CE;1982;;14;;;;;;200;;;;149;;;;
22;PI;1982;;4;;;;;;32;;;;28;;;;
21;MA;1982;;2;;;;;;60;;;;62;;;;
17;TO;1982;;0;;;;;;0;;;;0;;;;
16;AP;1982;;1;;;;;;9;;;;8;;;;
15;PA;1982;;16;;;;;;150;;;;176;;;;
14;RR;1982;;2;;;;;;10;;;;1;;;;
13;AM;1982;;8;;;;;;68;;;;58;;;;
12;AC;1982;;2;;;;;;16;;;;18;;;;
11;RO;1982;;11;;;;;;26;;;;79;;;;
25;PB;1983;;16;;;;;;137;;;;120;;;;
52;GO;1983;;34;;;;;;216;;;;239;;;;
53;DF;1983;;12;;;;;;90;;;;93;;;;
51;MT;1983;;4;;;;;;41;;;;51;;;;
50;MS;1983;;11;;;;;;101;;;;137;;;;
43;RS;1983;;21;;;;;;293;;;;253;;;;
42;SC;1983;;23;;;;;;102;;;;121;;;;
41;PR;1983;;36;;;;;;398;;;;550;;;;
35;SP;1983;;254;;;;;;2916;;;;1317;;;;
33;RJ;1983;;70;;;;;;874;;;;859;;;;
32;ES;1983;;20;;;;;;135;;;;118;;;;
31;MG;1983;;61;;;;;;319;;;;339;;;;
29;BA;1983;;20;;;;;;126;;;;154;;;;
28;SE;1983;;5;;;;;;34;;;;42;;;;
27;AL;1983;;24;;;;;;203;;;;267;;;;
26;PE;1983;;90;;;;;;699;;;;965;;;;
24;RN;1983;;7;;;;;;62;;;;88;;;;
23;CE;1983;;22;;;;;;263;;;;217;;;;
22;PI;1983;;0;;;;;;38;;;;37;;;;
21;MA;1983;;5;;;;;;53;;;;56;;;;
17;TO;1983;;0;;;;;;0;;;;0;;;;
16;AP;1983;;4;;;;;;19;;;;12;;;;
15;PA;1983;;34;;;;;;211;;;;240;;;;
14;RR;1983;;1;;;;;;8;;;;2;;;;
13;AM;1983;;6;;;;;;84;;;;60;;;;
12;AC;1983;;3;;;;;;16;;;;12;;;;
11;RO;1983;;7;;;;;;42;;;;64;;;;
12;AC;1984;;3;;;;;;13;;;;13;;;;
13;AM;1984;;10;;;;;;110;;;;83;;;;
14;RR;1984;;1;;;;;;9;;;;0;;;;
15;PA;1984;;24;;;;;;212;;;;296;;;;
16;AP;1984;;3;;;;;;14;;;;12;;;;
17;TO;1984;;0;;;;;;0;;;;0;;;;
21;MA;1984;;6;;;;;;62;;;;84;;;;
22;PI;1984;;4;;;;;;34;;;;36;;;;
23;CE;1984;;16;;;;;;274;;;;196;;;;
24;RN;1984;;3;;;;;;62;;;;67;;;;
25;PB;1984;;10;;;;;;135;;;;147;;;;
26;PE;1984;;66;;;;;;801;;;;1154;;;;
27;AL;1984;;18;;;;;;185;;;;304;;;;
52;GO;1984;;28;;;;;;176;;;;241;;;;
28;SE;1984;;2;;;;;;16;;;;23;;;;
29;BA;1984;;28;;;;;;186;;;;248;;;;
31;MG;1984;;69;;;;;;379;;;;437;;;;
32;ES;1984;;21;;;;;;143;;;;151;;;;
33;RJ;1984;;85;;;;;;1145;;;;1315;;;;
35;SP;1984;;274;;;;;;3789;;;;1864;;;;
41;PR;1984;;48;;;;;;429;;;;473;;;;
42;SC;1984;;12;;;;;;102;;;;120;;;;
43;RS;1984;;37;;;;;;305;;;;258;;;;
50;MS;1984;;20;;;;;;126;;;;177;;;;
51;MT;1984;;6;;;;;;57;;;;68;;;;
53;DF;1984;;9;;;;;;77;;;;74;;;;
11;RO;1984;;5;;;;;;80;;;;106;;;;
13;AM;1985;;9;;;;;;84;;;;85;;;;
21;MA;1985;;7;;;;;;45;;;;74;;;;
22;PI;1985;;4;;;;;;22;;;;23;;;;
23;CE;1985;;20;;;;;;221;;;;163;;;;
24;RN;1985;;5;;;;;;62;;;;68;;;;
25;PB;1985;;21;;;;;;160;;;;140;;;;
26;PE;1985;;77;;;;;;930;;;;1310;;;;
27;AL;1985;;34;;;;;;173;;;;281;;;;
28;SE;1985;;5;;;;;;22;;;;33;;;;
29;BA;1985;;27;;;;;;216;;;;254;;;;
31;MG;1985;;66;;;;;;384;;;;382;;;;
32;ES;1985;;18;;;;;;168;;;;209;;;;
33;RJ;1985;;78;;;;;;1277;;;;1460;;;;
35;SP;1985;;279;;;;;;3883;;;;2010;;;;
41;PR;1985;;46;;;;;;338;;;;440;;;;
42;SC;1985;;16;;;;;;103;;;;116;;;;
43;RS;1985;;37;;;;;;283;;;;219;;;;
50;MS;1985;;9;;;;;;92;;;;123;;;;
51;MT;1985;;17;;;;;;81;;;;118;;;;
52;GO;1985;;33;;;;;;187;;;;211;;;;
53;DF;1985;;12;;;;;;131;;;;150;;;;
17;TO;1985;;0;;;;;;0;;;;0;;;;
16;AP;1985;;2;;;;;;16;;;;15;;;;
15;PA;1985;;16;;;;;;200;;;;265;;;;
14;RR;1985;;0;;;;;;3;;;;3;;;;
12;AC;1985;;2;;;;;;27;;;;23;;;;
11;RO;1985;;13;;;;;;104;;;;174;;;;
53;DF;1986;;16;;;;;;121;;;;148;;;;
52;GO;1986;;32;;;;;;203;;;;285;;;;
16;AP;1986;;2;;;;;;15;;;;7;;;;
15;PA;1986;;28;;;;;;226;;;;301;;;;
14;RR;1986;;1;;;;;;8;;;;3;;;;
13;AM;1986;;5;;;;;;89;;;;75;;;;
12;AC;1986;;2;;;;;;24;;;;25;;;;
11;RO;1986;;11;;;;;;133;;;;216;;;;
51;MT;1986;;15;;;;;;110;;;;172;;;;
50;MS;1986;;16;;;;;;111;;;;136;;;;
43;RS;1986;;31;;;;;;321;;;;309;;;;
42;SC;1986;;5;;;;;;100;;;;105;;;;
41;PR;1986;;36;;;;;;377;;;;396;;;;
35;SP;1986;;277;;;;;;4070;;;;2126;;;;
33;RJ;1986;;90;;;;;;1243;;;;1399;;;;
32;ES;1986;;22;;;;;;192;;;;205;;;;
31;MG;1986;;54;;;;;;378;;;;379;;;;
29;BA;1986;;28;;;;;;206;;;;284;;;;
28;SE;1986;;5;;;;;;22;;;;33;;;;
27;AL;1986;;19;;;;;;197;;;;282;;;;
26;PE;1986;;64;;;;;;966;;;;1400;;;;
25;PB;1986;;29;;;;;;179;;;;195;;;;
24;RN;1986;;1;;;;;;39;;;;49;;;;
23;CE;1986;;27;;;;;;230;;;;143;;;;
22;PI;1986;;2;;;;;;31;;;;26;;;;
21;MA;1986;;8;;;;;;107;;;;104;;;;
17;TO;1986;;0;;;;;;0;;;;0;;;;
27;AL;1987;;29;;;;;;213;;;;274;;;;
11;RO;1987;;14;;;;;;148;;;;218;;;;
12;AC;1987;;9;;;;;;42;;;;51;;;;
13;AM;1987;;9;;;;;;103;;;;101;;;;
14;RR;1987;;2;;;;;;3;;;;0;;;;
15;PA;1987;;22;;;;;;196;;;;310;;;;
16;AP;1987;;4;;;;;;9;;;;9;;;;
17;TO;1987;;0;;;;;;0;;;;0;;;;
21;MA;1987;;5;;;;;;110;;;;116;;;;
22;PI;1987;;1;;;;;;33;;;;29;;;;
23;CE;1987;;14;;;;;;186;;;;141;;;;
24;RN;1987;;5;;;;;;55;;;;81;;;;
25;PB;1987;;21;;;;;;149;;;;149;;;;
26;PE;1987;;65;;;;;;1045;;;;1482;;;;
28;SE;1987;;1;;;;;;23;;;;22;;;;
29;BA;1987;;21;;;;;;258;;;;294;;;;
31;MG;1987;;56;;;;;;378;;;;340;;;;
32;ES;1987;;21;;;;;;206;;;;232;;;;
33;RJ;1987;;96;;;;;;1977;;;;2680;;;;
35;SP;1987;;287;;;;;;4357;;;;2379;;;;
41;PR;1987;;46;;;;;;354;;;;450;;;;
42;SC;1987;;15;;;;;;117;;;;151;;;;
43;RS;1987;;34;;;;;;347;;;;335;;;;
50;MS;1987;;12;;;;;;97;;;;173;;;;
51;MT;1987;;14;;;;;;124;;;;185;;;;
52;GO;1987;;42;;;;;;236;;;;304;;;;
53;DF;1987;;19;;;;;;155;;;;211;;;;
25;PB;1988;;25;;;;;;155;;;;156;;;;
11;RO;1988;;21;;;;;;144;;;;210;;;;
12;AC;1988;;3;;;;;;31;;;;43;;;;
13;AM;1988;;15;;;;;;110;;;;106;;;;
14;RR;1988;;5;;;;;;21;;;;2;;;;
15;PA;1988;;25;;;;;;237;;;;337;;;;
16;AP;1988;;0;;;;;;12;;;;5;;;;
17;TO;1988;;0;;;;;;0;;;;0;;;;
21;MA;1988;;7;;;;;;122;;;;141;;;;
22;PI;1988;;4;;;;;;49;;;;38;;;;
23;CE;1988;;16;;;;;;228;;;;175;;;;
24;RN;1988;;8;;;;;;82;;;;91;;;;
26;PE;1988;;62;;;;;;1046;;;;1510;;;;
27;AL;1988;;24;;;;;;281;;;;342;;;;
28;SE;1988;;2;;;;;;25;;;;31;;;;
29;BA;1988;;35;;;;;;390;;;;429;;;;
31;MG;1988;;60;;;;;;388;;;;347;;;;
32;ES;1988;;32;;;;;;266;;;;265;;;;
33;RJ;1988;;91;;;;;;1528;;;;2028;;;;
35;SP;1988;;277;;;;;;4048;;;;2438;;;;
41;PR;1988;;51;;;;;;410;;;;455;;;;
42;SC;1988;;17;;;;;;115;;;;155;;;;
43;RS;1988;;45;;;;;;501;;;;510;;;;
50;MS;1988;;12;;;;;;113;;;;172;;;;
51;MT;1988;;9;;;;;;138;;;;188;;;;
52;GO;1988;;41;;;;;;285;;;;400;;;;
53;DF;1988;;11;;;;;;160;;;;161;;;;
